0,1
-0.043839657560592445,0.4312584044717699
0.28723529772208645,-0.02722618088895647
0.3184406000531758,-0.0025515042670259287
-0.3045690883155255,0.36507770984526133
1.0687403724200382,-0.3034415715348015
0.9299579492538144,-0.9628901669302353
1.0086597314522452,-0.3165826463063098
0.6365253559475111,-0.704685841557022
0.183057191247872,0.5295472094626769
0.440734645608293,0.35739684247460524
1.0022006689601792,-0.9417052695937796
0.9958772718023283,-0.5575460287510774
-0.29527654398345,0.3698519686224537
0.9047203887601631,-0.04952593681329553
0.7163926671332093,-0.06769399057126481
0.5393581986519659,0.3160697050737248
1.037374545702883,-0.4002744358690259
0.9278852418497485,-0.13532726180651083
0.5548049464054087,0.3498427984231048
0.5658883786348249,0.18940723466680126
1.1102088588464072,-0.6002905824537975
1.1095799173926104,-0.6678979340241025
1.0034657968178422,-0.5696571706531578
0.1502611724816422,-0.9746093642124547
0.8387099835879408,0.15438349287633968
0.705653116303263,0.10074263634974223
1.134236395946418,-0.5865853375806032
-0.30439413268276705,0.365540246568178
1.0543440638414143,-0.14886280381315056
0.061894077291759574,0.4209689147282658
1.050702355221589,-0.8748836047964567
0.25523039736376174,0.4117937460164818
0.3148925018858765,0.4534309936459462
0.19619607175672849,0.39212910719860383
0.8506821814799445,0.2196875291198555
1.0705715730465541,-0.5353205622165864
1.101581494038077,-0.6259396656700117
0.8088683189466721,-0.12208649011907344
0.6350215008265375,0.07781115980847172
0.8871444238349774,-0.1766691102765679
1.095118013250776,-0.49887079255460276
1.0993954256648253,-0.5418450899681212
-0.07311916314724287,0.1440597032600339
0.5810328116803684,-1.1523163415965154
1.0825817532849165,-0.5193188756291941
0.09235753225212476,0.3829786631897515
1.0368825008854192,-0.6138934455740995
1.0586685876082136,-0.7887084556465632
1.0903229444766536,-0.6555491902029501
0.5018095155608251,-0.04210411224862416
-0.2998668646937738,0.3667438034546388
0.22168843339726518,0.42612561695055085
0.4202366102890267,-1.1487482026179892
0.6524515743629524,0.12334531918766915
0.2800377507129356,0.008127794436291299
-0.20346098485408676,0.37322665555973444
-0.09572295522644136,0.35362429277224966
0.1103421115718231,-0.25819962721577905
0.33574443191896747,0.06015072672740531
-0.3045690883155256,0.3650777098452612
1.0465766439940125,-0.1815604416836961
0.9819493755302856,-0.8548764166666939
0.9910437641787067,-0.47626553061200894
1.0553447807682725,-0.30810457908456873
-0.46752798665127315,-0.022250710743760484
0.2652312013320621,0.4748752833080583
1.0522490255045918,-0.8449576675476569
0.7881060840621993,-0.9724177100752902
-0.29702497430883856,0.36853793558268594
0.9207168706456806,-0.17245896965251553
0.6106418609178987,0.3796368588713721
0.5280115618082475,0.3407637490184901
1.0401960712132994,-0.2704318799893357
0.8986831777458233,-0.0004533934429194822
0.4379018137275602,0.42782504517466313
0.5603627571727403,0.1983056567108184
0.8380038589581078,-1.0212967764674443
1.0710424926576911,-0.774577387810622
0.9893960841257062,-0.5620995597847837
0.2631645678445208,0.47855696000102044
0.8254469376601712,0.18421757244784184
0.7173569226333157,0.10213122757772408
1.0347871893543046,-0.9121676741258674
-0.3046006780577472,0.36546991714508476
0.39757883653300863,-1.1294874128158714
0.03949875635983519,0.4618337832532751
1.110267906710024,-0.7345508393079453
0.20149317846560152,0.4690462876892951
0.25306605695974216,0.4674265255285283
0.21052181091881125,0.420417334802708
0.8987854832181816,0.0032039003445552597
0.887035937082119,-0.5803214452923768
1.0715816712694368,-0.7429958867677277
0.718756317651053,0.18191636593998567
0.6256238720216257,0.10293293448164587
0.27914462133020373,-1.0537504715656874
1.084338227910084,-0.6034866825153875
1.0951574982776067,-0.5274604496266804
-0.029460082357963272,0.34118279534900847
0.681214003289198,-1.133634968965845
0.7642546952252033,-0.8930407290826398
0.024167682024928257,0.4556951480999692
1.0242465719321499,-0.6965819633183287
0.8204276160744195,-1.0849500770037026
1.0972015391580887,-0.5494869693468599
0.9616771664648883,-0.046340232401103104
-0.29988104112017694,0.3669834759113443
0.15275103984225905,0.49191383053784166
1.1365780624910136,-0.511413731801325
0.6450563455679476,0.13633670611674553
0.28892073961510745,0.03761779702048449
-0.15617730635119434,0.43853540190646784
-0.009236784760611624,0.4968144188299844
-0.10853982603054098,-0.44066771074373023
0.27572197938014303,-0.08064101461620943
-0.3046342253224642,0.3652809247409387
1.0762087603288402,-0.33679390367289685
1.0990508951824252,-0.40126093510651856
0.811060069106259,-0.8728705213735649
0.9064015049845455,-0.7146118929928582
0.11718285989836949,0.5046359039206162
0.249916722479971,0.40428045553093245
0.9196411912494861,-1.0425042495414456
0.9795911979523749,-0.6639181229055345
-0.30134360717464637,0.36267896661794713
0.7943007927514683,-0.22420048457210492
0.7133278339630322,-0.17053312247941962
0.5670295279641303,0.23757536879892802
1.0203822894201473,-0.2811461093658237
0.8759211904770281,-0.07948365103903328
0.5127985196078015,0.3140120472826157
0.532608788650867,0.17748124009222818
1.0805518893821275,-0.6262038148865811
1.0386854387044708,-0.8612903875243901
1.0016848671277416,-0.5873785693080211
0.06598189793137364,-0.9824938707839255
-0.32480827296692677,-0.7052341182201448
0.7408796884051838,0.05696671577373594
1.127726075112727,-0.37906651568759936
-0.30439212195795706,0.3655002415026638
0.2307157939915378,-1.0878770994205746
0.017019367575040363,0.459130814348243
1.1200659079673279,-0.6794600498013086
0.19071795856709772,0.4115388939010824
0.215041027183974,0.474603355869833
0.15484667909514632,0.44308622939090575
0.8396716321824322,0.241652875617776
0.9561625187316223,-0.8923869134331691
1.1012015225651175,-0.548172861819991
0.8024988853627153,0.09585065666004992
0.628804519136112,0.12500900114481792
0.6516417495947809,0.3502856472481681
1.0687750638863638,-0.6356437110487526
1.069292335729094,-0.6094217175355114
-0.04837410367575922,0.4080622340758162
0.548236955960831,0.2801504094342196
1.041344927368981,-0.18181792959805532
-0.03094647976911835,0.42853976914542863
0.869613299801937,-0.9888774841684386
0.9301860852001695,-0.9952031552551164
1.0613490914684542,-0.7472866978199648
0.972690979714098,-0.06816504956224297
-0.30149291662087346,0.36483100503782734
0.09053227545352963,0.42377069668894035
1.1419858601383832,-0.5063142487505194
0.6484528973787514,0.1590311136123672
0.2597388027291023,0.03548575790608823
-0.24315564153565383,0.29438909355470094
-0.10579143600270341,0.42795498906891527
0.26655516291399384,0.0019363761860556477
0.2475735884131296,-0.10723306390386111
-0.30462704727600026,0.3652568482237742
1.076349217781186,-0.7957506491057389
0.7629891264833617,-1.082836033883348
0.8671618709952225,-0.8225532083151873
1.0567937473431477,-0.2889693191315553
0.18592236236026952,0.3362804831665515
0.17836702974535046,0.5058733753722704
0.9804796835774021,-0.9723041561560891
0.935551546167701,-0.7390275258346073
-0.2955580482993331,0.37258069879191946
0.7200826671804889,0.1644632604908142
0.6309119191791113,0.3172018675148562
0.5353663383711204,0.25972435559688833
0.856145237725805,-0.6197907174845311
0.7384166838511635,-0.31437498594081437
0.43939361390730336,-0.20694762740624248
0.570425501855627,0.2435873204402869
0.950155265199396,-0.8784070801582855
0.9245561767335763,-1.0129066213719022
0.9418300174484958,-0.7422109270192426
-0.11090016919060963,0.4421473977727894
0.7773822147306608,0.20211429328762398
0.7429987853255118,-0.04481281048824132
1.058264314833156,-0.8220746306798367
-0.3043921219579572,0.36550024150266347
0.8532018549016445,0.1706189540818581
-0.014007758324409656,0.42624225343481653
1.0974587295820064,-0.7586336098330853
0.13220198346992243,0.4549514649639634
0.125796701847863,0.32746264720205764
0.1169944727817613,0.40702022346807637
-0.31405321912975237,-0.8023007604213874
0.9904931073153391,-0.8343570398173676
1.1118037053775165,-0.6179420089460462
0.7553773904744133,0.13879613149401
0.6307962403436886,0.08935387878657894
0.6625813082763792,0.34243910410325284
0.8180127456717476,-1.0363497795471017
1.0654929945288676,-0.6090639777739187
-0.07186759686155762,0.3705384760663888
0.6301873639011476,-1.1808431681937126
1.0472498507959942,-0.7280065734895262
-0.0921965228351057,0.3656451853184878
0.9509178889061848,-0.8818697514193302
1.0790727903958661,-0.7748736006469475
1.0545871332112444,-0.801104389221895
0.9217337417924869,-0.1118546708964847
-0.2999410308347304,0.36740103376115896
0.005609125828893071,0.3853419614470053
1.1362073808513309,-0.4857856569915892
0.6515783810896977,0.12982641625669294
0.9233571191545923,-0.1654777880226521
-0.1789049837501644,0.4297287516019407
-0.1334430082337177,0.42180759441356563
0.8707081264568783,0.1773628543499075
0.1516391613014413,-0.20776254941368338
-0.30462704727600026,0.3652568482237744
0.9354659682177017,-1.0366710324593664
1.0087051621109233,-0.6521555951974164
0.9402372257320639,-0.019986935667639975
0.7274122322948661,-0.9791648571771541
0.12945893122885044,0.3097893816613782
0.22110503356210995,0.5458933677943738
0.960889140510629,-0.9971254297794906
0.6063519735247841,-1.077403032817699
-0.2988468100213157,0.3692120077184266
0.5517671211231511,-0.6468671127380233
0.657376453776982,-0.3080457964476359
0.5300095634014174,0.23327470738142775
0.9878746104130683,-0.18097183317881435
0.5451792864124119,-0.5261912827015318
0.18402009680410503,-0.1265456072047326
0.5615884602669156,0.2565703535550163
1.0506908989922132,-0.6592626992060071
0.9688577691096069,-0.9630019246207596
0.8022336869222616,-0.703434251273187
-0.11937986800024454,0.4448658946471206
0.7711835494543128,0.20874415867538185
0.7289247584429348,0.014904506679435079
1.013362622182175,-0.954480050940052
-0.3043921219579568,0.36550024150266425
0.8185365770342284,0.22570438969898518
-0.042912767886305596,0.4325657660012636
1.0460443944561795,-0.9063784360373878
0.10122290509919933,0.4008922246256773
-0.022718077755303,0.3809206806472725
0.0737393137080623,0.3795426781849214
0.8607256283178614,0.13267175863806743
1.0164375968480568,-0.11241790892003992
1.1091448175244256,-0.45497608879156537
0.7699837810580077,0.06421937829187807
0.6249048097334029,0.12344827708119752
0.7056748848336142,0.27392991974418
0.9902698313042418,-0.7831011085310108
1.0029676747676448,-0.7711476086474923
-0.17389541558260527,0.16379733084334944
0.2239438078745733,-1.1070766924979278
0.9408652969810635,-0.94277643183541
-0.10775000704103217,0.4218260594330538
0.9275865638130731,-0.9210570650960977
1.0593207968595446,-0.8508149084424699
1.0419003876389654,-0.8296587640851587
0.8903190576180539,-0.21634360690909446
-0.3020734976018228,0.36404513496625734
-0.30867719536398613,-0.27845448812850376
1.1404495529352412,-0.47580142381738727
0.6447434236694508,0.11819842951194177
0.8625724189367597,-0.2637590086030455
-0.20541984296782864,0.30897265395541984
-0.13156063575121424,0.43644107269664373
0.8722194652172354,0.16662901479582456
-0.06403129463539126,-0.3656227988480648
-0.30462704727599993,0.36525684822377397
1.118811967718883,-0.5054098628354223
1.0860943466890238,-0.3873953455459039
0.4889756485457686,-0.9773255058446865
0.8008526537211973,-0.7590035759876941
0.06838594647532707,0.3402927855679711
-0.012308891271132494,-0.8858663847705182
0.9402833496850176,-1.0190310592865437
0.5409690010416897,-1.0502706348665334
-0.3030372988250736,0.3631696086510687
0.6054939981817928,0.26866055664051347
0.645113561248815,-0.07794529552948902
0.46559289665227765,0.3185714952447249
0.8916458868186488,-0.40674724441874144
-0.22347817926507862,-0.7717619464491156
0.1634077777290539,0.3734588051721748
0.4795241470153229,0.0074626774729917265
1.0100733626433627,-0.7184898132633668
0.8951410650440866,-1.0324721019768133
0.9022843356642023,-0.9191729680065093
-0.12130175930921792,0.4428697032553615
0.7772777466324381,0.18698774340916338
0.7277515155685953,-0.0006507428451850796
1.027311191102427,-0.9361004687524553
-0.30439212195795645,0.3655002415026624
0.8512727988698088,0.1739314488537932
-0.08015926354861436,0.3852174570586799
0.5237011509818993,-1.1616719038662096
0.04513493820306962,0.30399152989879785
-0.11624435748942345,0.3169599930889861
0.031033023823689113,0.4115566987331182
0.8366157869873813,0.1825002491980258
0.6018958296259237,-1.1370578899247241
1.1082823645940991,-0.5924600198197786
0.6536746568313153,-0.1929029675576405
0.6245101878992974,0.09793969475338707
0.5540411701734353,-0.7183115464105847
0.9585326505911276,0.037486623032256465
0.9708336285316065,-0.812521653062614
-0.15305181712741736,0.20434291580664143
0.1444781328296628,-1.0815121698252828
0.7708058303405841,-0.23725301571577537
-0.14952648293219106,0.36882197352570045
0.9934711188495254,-0.8345255701134812
0.8776280590887279,-1.0879421753015648
0.9670850764001826,-0.9551709862064994
0.8345400886393881,-0.20073725708055315
-0.3022122853815082,0.3638978948062074
-0.05664871607976388,0.4962583840261874
1.1449972072720993,-0.5303046356029101
0.6410005877662257,0.08153517837705931
0.7918268283071396,0.06593108616884463
-0.37926015361702886,0.08609408071661381
-0.1326189141394319,0.44349929739991134
0.7791694009654434,-1.027940780554092
0.27095468373767545,0.03591144356902385
-0.3046270472760001,0.36525684822377397
0.9296814024557997,-1.0414835267159293
0.6466831789964358,-1.1186922833034976
0.9295326423784034,-0.37020368222275307
0.32356121845583785,-0.9476569479096559
0.0048945170324551,0.4047424971085451
-0.35586670530426584,-0.49473013828321155
0.9449118700803816,-1.0111336553276946
0.8183912945598172,-0.6129205268341595
-0.30114303172373497,0.3678300722079672
0.8139915545240038,0.02879958404982353
0.56542795497733,-0.2670441899808635
0.44217064639816883,0.2779255855368984
0.8802201393805966,-0.3242340149620242
-0.33148196489771997,-0.6385053145998175
-0.29655275082601745,-0.44443224487535476
1.0129083608473233,-0.041004533409362595
0.9884548626934693,-0.7338549364366336
0.8714212743711358,-1.0620957805081146
0.8105451667054757,-0.9496860473523089
-0.13258006149011178,0.44562893210196414
-0.4002127334071892,-0.6008166742916403
0.7316594247064035,-0.001280433718036441
0.6856258629886511,-1.1534427203190112
-0.30439212195795656,0.3655002415026627
0.8778383881123981,0.14981138942995642
-0.1212368899155848,0.36864345510311686
0.7662578400845016,-1.1322062706147231
-0.03431758185054224,0.40738336834404704
-0.23615949936237227,0.19553689468580626
0.03201002374235739,0.40445522797262573
0.8584630362687434,0.11203291973963433
0.9250041717501782,-0.8724311448874492
1.0641296636264503,-0.7730091640463326
0.6254562078506449,-0.24250165625418346
0.6316373091633188,0.08543894912040004
0.12955492961664045,-1.020418724953437
1.0696363181417228,-0.4749539372437736
0.9597800173600715,-0.7994927123102332
-0.25398367994901944,0.15790903860342498
0.30095548885778195,0.5609149840050089
0.7187453361092888,-1.1298385010894114
-0.16888027870964484,0.3872512625012971
0.971352831928536,-0.9010574498755898
0.8237666222454961,-1.1123117054961031
0.9657754484126129,-0.9499618908354501
0.7641898158760332,-0.2517221184487188
-0.30125297150914815,0.365491432649172
-0.15659476441796677,0.4096081371948803
1.1420510805103392,-0.5130813347913283
0.6399916315376714,0.09734455984064154
0.4321563114518998,-0.9605963119705216
-0.24612421712954916,0.39644818360434675
-0.14928679661043592,0.44087879197491286
0.22615820405517656,-1.08073510959874
0.1914419427480646,-0.10221514268288104
-0.3046270472760002,0.36525684822377413
1.0945668581825416,-0.7194978336253844
0.7404725353604219,-1.022959648347286
0.9036048699621609,-0.39521996792906183
0.9438450206544942,0.10206037545039882
0.0015601579301227585,0.43374550934024914
-0.01604295198425498,0.4936543540294338
1.054827581771176,-0.8413916713861638
0.3953881809253665,-1.0500247659993776
-0.30191402191261923,0.3675483793875492
0.3436037244958656,-0.9166314481402486
0.21229282241809755,-0.5510636526496921
0.41042376869980524,0.29032411248048046
0.8274163209542877,-0.3619293708989992
-0.29607291914921247,-0.6811792759804428
0.05826325686655471,0.49258717486808085
0.8672932471149344,-1.0193146579118086
0.8429483284324674,-0.8609222495533594
0.9109886472876196,-1.032326898068651
0.4047707364529227,-1.1418932434639204
-0.13364459414835747,0.44667668395700544
1.0593719360448122,-0.2871793817465614
0.7381716783575921,-0.013555648644986328
0.9902598790323702,-0.9795927137407059
-0.3056082335644158,0.3640174696456834
0.8300495645740834,0.20844244372837206
-0.14918449513448864,0.37679478751510287
1.0613614043411475,-0.8603591911092499
-0.25227453337458616,-0.046064147614527165
-0.2930877591891698,0.25050693265349033
-0.05035684219007544,0.4145700017555722
0.8167410610671025,0.21459838875524234
1.0266222128611024,-0.17093266773404875
0.7271727206120527,-1.1377971833199119
0.6075845936485351,-0.24331338342228662
0.6281898191207904,0.09067912228012305
0.21222649998264964,0.47979481011361114
0.14551929955033727,-0.26518528786786405
0.9178641475913586,-0.8169929873972293
-0.1735216138738273,0.2934696517766555
-0.05412534769113241,-0.9323358736755896
1.0822700423975196,-0.5768936355573194
-0.20746201665848996,0.35229783220914496
0.91695877014372,-0.9916815283127619
0.903673314830151,-1.0913744014018094
1.0507701361125343,-0.7871821138193115
0.19043626364729951,-0.16950971444210583
-0.302348913232375,0.36403878435704573
-0.23742379412873435,0.2779247685833124
1.1494462824022411,-0.5185968911445173
0.6413506011532245,0.061638044307176995
0.5288345287734597,0.35212084563784285
-0.24828745857993756,0.39954795655016345
-0.12353781649773453,0.4627785202366746
0.46954012870419776,0.4533714382271563
0.10990297771434285,-0.20317756866330688
-0.3046270472760001,0.36525684822377436
1.113061889328826,-0.5916646583633138
0.6608417405749853,-1.0663515066725673
0.9296685826822716,-0.39505699566156927
0.7142810834215302,-0.6657306810174404
-0.05463340554641981,0.41636106028349773
-0.3051294098780712,-0.5783232029341219
0.7390528753773765,-1.140228155853333
0.41585586550104786,-0.4385896242858481
-0.30218718226907815,0.36820342765347996
0.4468308174071211,0.4381641654579133
0.06506294287452709,-0.4109037903684483
0.29685598831015836,0.4439449271355961
-0.09750612786514844,-0.9135821290341464
0.6915779069434448,0.0049139316185852905
-0.03636473785317145,0.421868973991356
0.9655233664432101,-0.7615560799754377
0.9084813058575738,-0.6772044264540279
0.9455052871355781,-0.944804600931116
0.8780834671253448,-0.8353968729482226
-0.13872273594436932,0.4449109588345684
0.9665861313948196,-0.7212510814606178
0.7284739827600055,0.04420658895131411
0.9740865543001974,-1.0052615622463452
-0.30499464024634454,0.36581092776749774
0.9401761166375868,0.030564244901053455
-0.1679256221365629,0.43350391521001724
1.1333053828434716,-0.4296251939418127
-0.15585978237964657,0.35769236735635723
-0.23363347396282536,0.37204497368551587
-0.0781661310154979,0.41733099154039716
0.8192195269791378,0.1965380258320305
0.5185463591230652,-1.1055922444109512
1.0713076452586245,-0.5660833925820624
0.6644792344518513,-0.11212304349412099
0.6356327761282989,0.07922335622170627
0.04132738601464738,-0.9795406672145498
0.8975031790528827,-0.4728138528160881
0.8658229838033654,-0.8853529545367281
-0.33206673677664716,0.1835381229585327
-0.16887012132956128,-0.79399724654111
0.3495308671112886,-1.1354289499576449
-0.20888172301138597,0.4070251106085642
0.7272020151389669,-1.1200535963084297
1.087185711830138,-0.8444205597115316
1.0638945357494898,-0.726634163693807
-0.04973174491720849,-0.36303326427276195
-0.3009939709132713,0.36667946787334493
-0.2354235681282563,0.3554706102637116
1.146379644092107,-0.5251029200571316
0.6314763240565721,0.02525231153341673
0.10862009461884722,-0.9787539938518992
-0.25101232192255807,0.3944305304469938
-0.26326704725843847,0.24343460395334793
0.28736176780335504,-1.0417148057703285
-0.08510197573457068,-0.35636245512114684
-0.3046270472760003,0.36525684822377447
0.5055230373682903,-1.1526351008682152
1.0080361665609519,-0.22556269518317693
0.7809181501802371,-0.8730576546902084
0.35670709904079134,-1.0835938566178704
-0.1357741539609165,0.2774870449407875
-0.12277291557957194,0.47098664830420417
0.8704487662473313,-1.084832942702762
0.5497548431600635,-1.0870643492212784
-0.300677445762038,0.36930024799297484
0.5982481418028002,0.249909541231774
0.18850376548940645,0.2669199288416858
0.31934487965664254,0.2521570142686679
0.9729771511525854,-1.0131374382404918
-0.03429231454223969,-0.6649470885049776
-0.30085803220217433,0.07546701438257783
0.5311335137184047,-1.0979292869495958
0.4907619779460872,-1.0390168338391106
0.9757706251346006,-0.9758023506902204
0.8954505035877607,-0.4190834151596912
-0.14017425403331693,0.44450633131410977
0.8868720399729971,-0.8565779461245302
0.7444372809872509,-0.017235091856268935
0.8392008727238368,-1.1103427882484358
-0.3045013002830033,0.3653297128985673
0.12482826576550489,-1.034652273559049
-0.1744440869991863,0.43148502726289156
1.1295121098957235,-0.5430237980778123
-0.18293834293756286,0.3751011043093547
-0.3631897344245539,0.06134915300286172
-0.10121570949620641,0.4185430267180289
0.8144699601384342,-0.17411191496966127
0.48260465167118327,-1.0926806625762266
1.0424683662554022,-0.4107283732569381
0.7599919943655459,0.12315594723173379
0.6157335381016512,-0.10877181489415995
-0.3951704593989527,0.34256547021581685
0.9798254792483697,-0.6244611540310799
0.8742298753053421,-0.7911407960349828
-0.2831050642578381,0.2446885098863013
-0.4158878773519203,-0.3364886246209008
0.8098799853916311,0.2401084166909887
-0.25086779303962675,0.3573011327182306
1.0372416998171212,-0.8265602905676966
0.5454038688620269,-1.168226184568894
0.8686394899746318,-1.0280023291106701
0.24401828342788603,-0.06162483798359058
-0.3023240200539274,0.36465988607043864
-0.16278627509455146,0.456644753798382
1.0806255128024786,-0.8477995096072501
0.6328819411766506,0.07477689567390015
-0.16706919166441483,-0.5274798995367115
-0.3545053816276827,0.20065812916401604
-0.21431916439683,0.40711802886233306
0.08184832749887744,-0.9823032978226336
0.03770653612106666,-0.23171277241146504
-0.3046270472760002,0.3652568482237746
1.0882725098972332,-0.23516311425179084
1.009145815107498,-0.3715072718993605
0.7141752354794477,-0.8726184019329437
0.9951787158296065,-0.23303999650926374
-0.1540533917224231,0.3950149344411152
-0.24909638371614956,0.36058989027040694
0.7791212218994884,-1.1305972559829562
0.863867451295802,-0.5321201465500465
-0.30358331146918294,0.3675509570196064
0.5569073250186481,0.203391036383482
0.06265899932474431,0.40458848794807994
-0.18547084462931476,-0.5912882148426857
0.8251323585237316,-1.1343010357733063
0.5317000367426853,-1.1764619774626959
-0.20679770611821027,0.2572140104399267
0.9221177345723102,-0.7693325870138547
0.9568368495190954,-0.12234023418710464
1.0419885896504202,-0.8711760910304942
0.6010148668673195,-1.0170380934997478
-0.13616477625724513,0.4456600943195094
0.8791714757744831,-0.9474732115239713
0.7573887693641336,-0.037671774221132
0.8024385823053334,-1.0737983255430146
-0.304501300283003,0.36532971289856736
-0.2710157601231563,0.1769552035262033
-0.2382466893612956,0.3658406595148735
1.102897820908061,-0.7230938647018443
-0.2512302493698473,0.2708234547495552
-0.30446274459975636,0.31367816495891365
-0.16611438001808437,0.3617327861197191
0.7357088265069585,-0.8436324217131398
0.8362462700188178,-0.7543811567582409
1.0033513827270744,-0.19592009604959917
0.7764696073582545,0.03998762887504747
0.6350612070568414,0.09575770580863358
-0.270015179696059,0.3930774055219309
0.3735466468799999,-1.0890000681644698
0.7830684596063922,-1.1411590562715432
-0.32169485600320147,0.2092226035080825
-0.39477308617077017,0.24025939451943523
1.0148992359468494,-0.2123750858379584
-0.24903276858716075,0.36102227475129656
0.8222834237098601,-1.0822087490026857
0.7917720617252503,-1.1459642059044874
0.7726806490667824,-1.0980053743962206
0.13279247486247067,-0.2014137966206402
-0.30343537370987883,0.3641844792335376
-0.3395871056535539,0.219192360530521
0.9976528909617157,-0.9890174748653259
0.6280676174163453,0.08599693637215651
-0.27371117053424704,-0.44206013314712267
-0.27531365430667915,0.3814238651251073
-0.17358907842560262,0.447889931211464
-0.18325379853877583,-0.42041866958990326
0.07443534184498254,-0.19649682090717338
-0.30462704727600043,0.3652568482237747
0.7894538117188952,-1.1191924078026576
0.15751874575595387,-1.0621521009680956
0.5682098740540001,-0.6761445858083193
0.5554493189079324,-0.8825472073726983
-0.3702140577269907,0.10220648682851975
-0.40850656325138923,-0.013558828724485125
0.7711651867895194,-1.136434788569898
0.8542076124069403,-0.1960712582381027
-0.3022599072210527,0.36843322841224263
0.07707686808065367,-0.8938955517036852
-0.018298203716789075,0.20680185303110066
-0.3245457259789027,-0.03307710068846956
0.7507740366409715,-1.1482772582582124
0.5961644977225727,-1.1016068644598747
-0.2047046529821969,0.3648071124297325
0.24599233839104384,-1.0685102659961727
0.802104639372909,-0.5266132065149545
0.8444953608240202,-1.1018759985996787
0.614618370114534,-0.7436227124722454
-0.14583349985072505,0.4447557531322946
0.7653126691467388,-1.0788993097789408
0.7527555873222943,-0.013728476709826203
0.5107672184380001,-1.1565975448827934
-0.30450130028300304,0.36532971289856714
-0.19437776912973137,0.3449417188205799
-0.3039674072565029,0.262179473618735
0.46302067522102397,-1.1573634374902924
-0.22924583355380626,0.3563197203422121
-0.3279252287718614,0.2712510736382179
-0.1808978303284205,0.3742845804130816
0.5351945443502015,-0.8554732577073006
0.954303708591879,-0.33100500076697653
0.5687113920014352,-1.134722578376538
0.46116516856397105,-0.4056960929164734
0.6271453910972644,-0.027574743321687807
-0.259429236574059,0.3934387129109564
0.6775478661387719,0.3425161479742729
0.7080575857541117,-1.1587878822111983
-0.3595516348185946,0.16756208001994213
-0.3873341793129563,0.21006458477481188
0.12183596423174912,-1.0402144000364923
-0.27681602138114597,0.32382345721000877
0.8137262779168233,-1.0704919647614892
0.6880471983473456,-1.1708478694565663
0.5516347735345455,-1.1454984560082224
0.0911673038711093,-0.22985650636040383
-0.30398709719029754,0.36223255682466493
-0.32485751534768087,0.30044435025367455
1.0821261803092634,-0.8521669438962455
0.8191968676702629,-0.7878360650771523
-0.2948101562505873,-0.4827912774772754
-0.2968409121125115,0.3524560688139475
-0.37348773698387716,-0.07880577699623947
-0.3986430700941554,0.032158722770708754
-0.0788716460942229,-0.3053701814391157
-0.3046270472760003,0.3652568482237747
0.8553980001295369,-1.0635795635569938
0.0293810915320789,-0.31083298253738495
0.4717433375549599,-0.8175831716507092
-0.11408384721131884,-0.9356171240523381
-0.25683661063807517,0.30168001248745524
-0.2986792987955228,0.33373191656047413
0.5690833431276714,-1.1729263437432151
0.4965457927920564,-0.8945089065473515
-0.302509651757423,0.36857815024934626
0.1768057567785254,0.4942131582305037
-0.12000318461595096,0.13175083683017214
-0.08303292180475817,0.34508304965359604
0.7986656059726828,-1.1037604075738563
0.6002278963280498,-0.9260147238282848
-0.23300234029732367,0.37140041651931105
0.0918549419800896,-1.0112986865613365
0.9363046987164891,-0.187356492767985
0.7466030675924767,-1.1383151960326645
0.5303723036761755,-1.0464535818170826
-0.1590032818856066,0.44637215534253694
0.7459807532021508,-1.0655751001867235
0.7598299094991867,-0.5838654567994681
0.8191912834190429,-1.0829246239965624
-0.3045013002830022,0.36532971289856747
-0.11389192068652143,0.43553090758578683
-0.24532639482183832,0.38944932724487774
0.7922705557807013,-1.1158870102444027
-0.35233647708442023,0.09624072594935554
-0.3228772954612581,0.29850109239883454
-0.23320828053578088,0.3020137851899953
0.43205805032727823,-0.9950181098069067
0.8798830400528053,-0.25553867323273205
0.7379183165089415,0.2810925854556424
0.31912854861971296,-0.5144610657886708
0.6193102486959375,-0.060496031256958696
-0.22504100849232023,0.4150740066514856
0.7362690890907954,-0.7388425644673984
0.6802478701922146,-1.1630689605873001
-0.34645902374334736,0.2177820249420707
-0.3120374013222613,0.3432498417689848
0.6114838575715188,-0.1358021735908002
-0.28037111368582557,0.335099853700634
0.8133339409771728,-1.073598524824185
0.8356554915614958,-1.1281067543222651
0.5669629405357394,-1.1385969042567408
0.14492507666124263,-0.1619129348825291
-0.3026722362599827,0.36490603177609293
-0.24923445699017394,0.4053221702721955
0.9914052349126802,-0.9950872188915084
0.7037889372717921,-1.0728401333815967
-0.3629319611025738,0.028340920301748177
-0.30230152981743513,0.34617092357270535
-0.28654626222042,0.33023188807782555
-0.40997049264736063,6.469856772187848e-05
0.03234224197558752,-0.1895069628283492
-0.3046270472760003,0.3652568482237745
0.902283279209637,-1.0163328263283056
-0.004091185362785659,-0.3414408212559071
0.2915790970030107,-0.8020916723888399
0.44017622960592434,-0.8614180521770634
-0.39068844132918723,-0.1693908489481828
-0.3259609754436952,0.28381144625685106
0.604271795231732,-1.1641012590313855
0.30543645601770825,-0.9479977425083311
-0.3042855698531124,0.3655000001988195
-0.08523817555409764,-0.7356722628528081
-0.28868006104879645,0.11141018478083455
-0.26923500113349585,0.21076553469004627
0.9109579336833462,-1.0745769563781071
0.34248931470562805,-1.1098470376307052
-0.3297788061935199,0.20449083582033406
-0.17862388222663364,0.44224596565752117
0.6616301569619328,-0.6476653117678344
0.8229264798276129,-1.0948175175185735
0.5751771454282112,-1.0086191575838963
-0.15308804787520275,0.4462476580099857
0.6639637377952385,-1.046978590272944
0.8606872736534474,-0.22665754456281703
0.575263503118835,-1.1527159056211786
-0.30607201132414946,0.36414086194764694
-0.3958399581261444,-0.06671296898501747
-0.2766242280624685,0.34467811732701875
0.841710754013221,-1.0985265076441488
-0.298485299202349,0.3038672970788105
-0.32915334713393424,0.2960421894995541
-0.1612783186021327,0.4303456836624635
0.4933566824578462,-0.882204834047351
0.8169159822884619,-0.201016607833038
0.4826984912548342,-0.97241358006703
0.5067294403062118,-0.386608308779406
0.26151158299780214,-0.5492445779245048
-0.24487621832705847,0.4591763207781539
0.23903469688077947,-1.0195814366033111
0.6778007570499982,-1.1633638291223383
-0.2848712576661403,0.2777738708926355
-0.354158083517147,0.2817019155401167
-0.044038564730480116,-0.23082605450581142
-0.2852516187657947,0.34799579127282343
0.9285612826096067,-0.9383215354005576
1.014534815123893,-0.9676004612287166
0.9568199191554354,0.015609484256379764
0.08679598519707729,-0.22030037426941665
-0.3042849718880398,0.3629131854879944
-0.3194426361013945,0.2897350550840677
0.7248317467176041,-1.1476919188203147
0.746934704777465,-0.9148106873021061
-0.3823721413578816,0.020852671374671557
-0.3023914342046339,0.3524858405920682
-0.3833824230471523,0.052535941736844095
-0.12378561450808656,0.443956201609965
-0.15548434412691065,-0.3160058110077662
-0.3046270472760002,0.3652568482237742
0.8275297898590132,-1.044854921861448
0.2319484172821145,-0.11774766038028292
0.2480941030196699,-0.6681914206972656
0.7016592286497464,0.40788296463373097
-0.24902903880785107,0.40805178023282995
-0.2978035171205635,0.3531949021312363
0.8051886630036653,-1.093758206242458
0.12474840650637027,-1.020103873639574
-0.3054153486773445,0.365714957151324
0.013767939526058648,0.45996039224903185
-0.18030364546395022,0.385524315871038
-0.37924503367741086,0.0803149791552958
0.626502725041448,-1.1795264059628934
0.6967004538103659,-0.251382469566467
-0.2400281072739077,0.29683557575044606
-0.34229017950815643,0.23182879616999752
0.3352371940600972,-0.9788768770125609
0.7836335796791484,-1.118790560522022
0.2851851670567089,-1.04128610531138
-0.16151228813827836,0.44723083050055407
0.6058898516423444,-1.0733900041363267
0.8418398610476096,-0.4992929600886339
0.7643901366263001,-1.0872531245033838
-0.3050486111273551,0.36516927593986237
-0.047686596630177366,0.2703469361966956
-0.310751341689345,0.30975321034580866
0.6003727932570334,-1.136815525982273
-0.2681512341842503,0.37544641911307813
-0.34279610074891653,0.27318402199389036
-0.317041795728773,0.2566341855695486
0.3916177036801664,-1.0010769721523316
0.70703092296819,-0.04533301979099591
0.46219165320358757,-0.6095074659440992
0.5165821755264739,-0.3693985354982439
0.5979615095083691,0.20549955370407486
-0.2769194522419304,0.43798772832241306
0.45400093822362697,0.4609709044249782
0.6657516642311925,-1.1614768532306103
-0.3153863822066927,0.2934597882711736
-0.31738077827247635,0.3505919095163512
-0.29051925241648385,0.06171733050459745
-0.2875208442194372,0.352461512030707
0.5017390856685437,-1.1583058523346677
0.7831490908654745,-1.150337010366278
0.5139292927744201,-1.124642288961043
0.0700275562956974,-0.2079699366272792
-0.302612363219686,0.36588169705273443
-0.2776020972822927,0.3783689005719077
1.1368146314182133,-0.5457236654064737
0.6887528349122033,-0.9303537255874192
-0.30444251898551566,0.329759498075173
-0.3049747610682161,0.3508177770720392
-0.26190707930317664,0.3962702270148757
-0.3600814825248985,0.24572145266746503
-0.3595624492717097,0.16181867131471667
-0.30485218163452615,0.36491456196643623
0.4624760728959942,-1.1323228295325694
0.01707526720163873,-0.31705341571691126
0.4994958753305002,0.4258455855116661
0.2823952310464224,-0.7548366680828725
-0.356724399986593,0.23333954267080492
-0.38467193605902145,-0.36217895516386805
0.6772937939250977,-1.142026376297054
-0.06967369601048513,-0.8967016853176764
-0.304759269107783,0.3672296511307068
-0.03074545167756173,0.248207668501477
-0.33253079636876376,0.15481402333543265
-0.3963948832493875,0.005220118200029861
0.5868142803196086,-1.185320482482941
0.10155032717171564,-1.027142857711713
-0.3034547344232417,0.31749833464393434
-0.3513374570818913,0.14878223125898182
0.3876146275376058,-0.8452397595283312
0.806900854087331,-1.10649845842484
0.2728636701444853,-0.912521927348957
-0.13925398858696753,-0.788846355874068
0.5785666348600492,-1.0452374771859816
0.8752006896304578,-0.12972010410868526
0.5148420393865892,-1.1297971006208833
-0.3046505160280731,0.36527605359893395
-0.3506981619832982,0.2605644429876648
-0.2528870697744396,0.3993268973647848
0.7237871514220131,-1.1239820616902587
-0.30351361311513386,0.32564471970236025
-0.31585646570123993,0.33384411572248723
-0.18841013065510143,0.43484301803758774
0.6769286113974935,-0.8192493168962943
0.20350604120514396,-0.898333070431097
0.3178155529311278,0.4346423028736347
0.3865405208557334,-0.6129251360322748
0.618912885354861,0.05287274780145005
-0.2822920288469058,0.41188642773006
0.569847774274799,-0.1609033692252712
0.6872947485023992,-1.1429213892522618
-0.33156082765828326,0.2853598043683822
-0.3180205505633119,0.35839265480901666
-0.2745287838264719,-0.01965255096596196
-0.2657155363642579,0.38101317465039974
0.49871007875087453,-1.1588249791059972
0.521765792438796,-1.166305727966852
0.35516754927853667,-1.0533104924576906
0.1785774699893407,-0.8865584644952923
-0.30261236321968576,0.3658816970527344
-0.2834008538243143,0.35406487557553556
1.134990745585555,-0.5378977121926296
0.22198440656963217,-0.5241204421372155
-0.4016633328550845,-0.04612498479756141
-0.30046133712605594,0.3592239918745628
-0.3002896584014871,0.34666279148653506
-0.3094436419120602,-0.5257526371395257
-0.22176985597183366,-0.6954779960834538
-0.30465614847167916,0.36526012895648896
0.3079590962803488,-1.1146035237321295
0.19744810151561515,-0.1557030032717761
-0.013798126167372193,-0.7924108510747286
0.0995204474495314,-1.0638965450980258
-0.2917157177141807,0.35620911013259304
-0.3002905161225642,-0.5761648466332603
0.46681387543708963,-1.169743572498832
0.2088855487195879,0.4773148838758621
-0.30354279491892944,0.3668908597597532
-0.32416026483304017,-0.21036976516787628
-0.38555129912874586,-0.2444182991707375
-0.303333347813804,0.3401891818795256
0.8185831268942099,-1.1275590744427648
0.014845614926840108,-0.9673628101039337
-0.294621718302179,0.3420195773120614
-0.2833019230088337,0.3391167241253887
0.21048934043923212,-0.9929403799419423
0.8251065021763372,-1.1081121232235533
0.3168497173869509,-0.48176747872301356
-0.2031323476253526,0.40625378468246065
0.3349780561689059,-1.1524271346464479
0.8282604463373019,-0.3147680673782088
0.3095318705323396,-1.094363067513958
-0.304650516028073,0.365276053598934
-0.38685336520611113,0.21643825664037755
-0.24033792506354507,0.41655784487329056
0.7545054763661125,-1.1184552484566819
-0.30506360393957016,0.33097382931470026
-0.36403140781629145,0.2278158355613324
-0.3878582071688906,0.04248691372289899
0.2889889745703547,-1.016648834358732
0.2792297895671727,0.4648255860323155
0.028806840711223077,-0.9695806259282181
0.5942149317657757,-0.48289066323813784
0.06863593490595327,-0.8163409732191356
-0.2677713941367195,0.4185306504006596
0.038951425006244496,-0.7965975302739142
0.6779230688729608,-1.1659492237563913
-0.2948541227020504,0.32428935360495487
-0.33312734200804944,0.333895428331738
-0.41756421870783206,-0.2001200673880054
-0.30402577272450987,0.3329731765918304
0.600856907433765,-1.1546812683708159
0.31171117600538895,-1.1222481403463056
0.4013562004791144,-1.0922291987165182
-8.550617326572919e-05,-0.8215125480069368
-0.3044783400287626,0.36552282643280193
-0.28503217625580207,0.3714196673902518
0.8206270007604107,-1.1183578954919235
0.6315540420799062,0.4141798936156143
-0.3046945336965865,0.3483926747342912
-0.31476641583890574,0.33514793111476565
-0.3174147524074237,0.3209645931053747
-0.23784767628504216,0.4298171130390485
-0.2713842446169766,0.3972496976709135
-0.30465614847167893,0.3652601289564889
0.11256866512011694,-1.020654409072514
0.1780565987416257,-0.18529004879461364
-0.03271794883707401,-0.8573381929051497
0.004390483542415238,-1.0054159456528162
-0.3071044442880178,0.3466785982750144
-0.30683599523414856,0.37077758623353063
0.7606570689549143,-1.1205285066530035
-0.22799718730857327,-0.5545572109823849
-0.3047510716795403,0.3643346200369595
-0.12092180520049799,-0.8102713847079712
-0.3394875097144645,0.24058479975638894
-0.35833236736046975,0.20479303415195757
0.7567895279605712,-0.9104102341047567
-0.24406319600086238,-0.6897613180340275
-0.3347986976627148,0.2550466863145287
-0.2862967462802986,0.3644882925009884
0.5643208044653522,-0.47154186021682737
0.7350532985543526,-1.1464530567860782
0.25175777090002044,-0.46687456041155667
-0.2613603984994352,0.4029263492427018
0.6073660006265006,-0.9117914959859131
0.545835257292645,-0.7023059530383896
0.14565764442081156,-0.903081056652748
-0.3046505160280731,0.3652760535989339
-0.2623265590969593,0.3977817419075519
-0.39017857318776994,0.04623211630580657
0.8494426393523609,-0.9721074440628289
-0.3380106823187417,0.2673395828389325
-0.293003868717765,0.37386722117355603
-0.3765961247671968,0.06285866782845051
0.2856732630196625,-1.0511051931737376
0.023649120362922122,-0.879862085306207
-0.1723242822775028,0.39116687590508753
0.3609049115436176,-0.6827253238872276
0.5627546693268363,0.2419930243915567
-0.2923015617052464,0.3747743896689929
-0.1282503899514873,-0.5988199189440528
0.4896518331513168,-1.167123675031053
-0.2956328601195448,0.3219852710080132
-0.31936343782280385,0.34847194202752396
-0.420715057081635,0.14099961117522494
-0.3397466312376005,0.26977533629752043
0.5885973897846812,-1.1218490642680308
1.0847261984494174,-0.26546091016425966
0.18964312152498114,-1.0482411403623222
-0.14448208194252551,-0.7285392756337788
-0.30492489749570345,0.36385590078985164
-0.3952594793929399,-0.24744856217764277
0.7616425926292227,-1.1394925011239725
0.7687937950245499,-1.0167976465185462
-0.32020889612347225,0.3228451844384398
-0.2965335506710951,0.3675777834786053
-0.34089876980026995,0.27746164043121335
-0.23840351580626404,0.4271704357592124
-0.40453994032025253,-0.2594923921425717
-0.30465614847167904,0.3652601289564891
-0.05506398726972389,0.504644826541791
-0.04164437361438118,-0.3712712152742429
-0.1744329776954881,-0.6896340390109456
-0.03497103749602003,0.5106428150513829
-0.31749686131910354,0.3338581533513769
-0.3108015949487539,0.36749131796926543
0.40195315388019376,-1.1583046175220986
-0.32091003951867103,-0.31077387699809067
-0.30258764879529965,0.36813637373766817
-0.23247341704712868,0.41753439973882733
-0.35244258884590085,0.23053532597430906
-0.36698363382630167,0.18806647962674616
0.4773342264827258,-1.1740829895024576
-0.3309548342489175,-0.5660348590505606
-0.32613074957072535,0.31338132474097485
-0.4026838284393786,-0.11785368769878919
0.12317724452224173,-0.8554115898495313
0.4595281435793603,-1.1584564383170457
0.07016643353009418,-1.0029085686538066
-0.261051365915501,0.4012212988622202
0.5678646634157413,-1.0091434853547567
0.23486037005706467,-0.9269662145102694
0.06578938279906894,-1.0020709940205292
-0.3048550777005475,0.36520612315221074
-0.24906810763252094,0.40154056010385303
-0.36442562259396516,0.20818293860715117
0.4219476888188421,-1.1284819219512923
-0.31939384661784886,0.32134904489692684
-0.30162860545782894,0.36279399006122864
-0.2845169671440952,0.34817708809066256
0.0902457326386889,-1.0678343253703935
-0.23397461339060324,-0.13512141098489755
-0.14780117856759337,-0.7660600675127441
0.6494781993192291,-0.37807217128467163
0.5676722831142901,0.24665288210496236
-0.2873020345074864,0.36569140244210757
-0.25238319067828474,-0.4859030630193171
0.4211256216729222,-1.1505537573505495
-0.3198373562400099,0.30044869824842274
-0.308900023598209,0.3522587108552665
-0.28359937102812016,0.38003117950688386
-0.29772930296199307,0.3568517947231339
0.4693498636283076,-1.1185200290786075
0.983976518496095,-0.9561812812428857
0.05702549814951563,-0.9586871618972598
-0.15405319212685245,-0.757210276578917
-0.307796000102367,0.3593992475784226
-0.2948374687982553,0.3745618779529679
0.7051339749444936,-1.1585403546333268
0.3732965287474968,-1.1075782045266187
-0.35206500034034405,0.2568824518534658
-0.3165111510092102,0.33654456019410534
-0.3447063678959151,0.27107983468216823
-0.3541400709759421,0.2582043808016592
-0.2905802391307944,0.38810298394326787
-0.3046561484716791,0.3652601289564891
0.025847546145445124,-0.9739317844443539
0.16498720255672147,-0.19118263135264468
-0.14324217999703442,-0.8101906378649044
-0.26835906976199186,-0.6978008660624138
-0.31513764248665327,0.33887559715576593
-0.3079476678204965,0.36687109227700215
0.4406027077063656,-1.128640463968082
-0.22984524388741895,-0.1861349736153526
-0.305913797882769,0.3637869595620541
-0.2319190543113263,0.4172855844561794
-0.4083152339419244,-0.14636968859963737
-0.3695173201831064,0.23286840432076142
0.2912231567248092,-1.1293265100511232
-0.20436184983978528,-0.7692363118632346
-0.31551444338466644,0.3069897178742082
-0.3667686074007224,0.21182547563484228
-0.008739629767524694,-0.8727781942994363
0.4036006514547555,-1.16278355911721
-0.36157175484332854,0.3159311091779583
-0.2582615018705692,0.40236089762057026
0.2241587226837512,-1.09664564372021
0.5388875607813992,-0.14509876224371354
-0.34334483578618363,0.3616760140903942
-0.30465614847167916,0.3652601289564894
-0.32203812853712593,0.3045466528953405
-0.33717151747939206,0.29230405240173746
0.30044137057070963,-1.087428720878077
-0.32314689690623466,0.3150877433509507
-0.3062595336517368,0.3552993142681967
-0.3073916458485038,0.28213745928251294
0.026640237363920977,-1.0494069822975902
-0.1947973726849939,0.10747100958398602
-0.30255309368366123,-0.5483710263228685
0.19169991067348907,-0.9974801928992438
0.17987246285342923,-0.5919684387004313
-0.317686808044906,0.34612313473687273
-0.23424597615705683,-0.6322273624434054
0.20033239786196505,-1.0336440327632046
-0.31367615612206784,0.3432439602768223
-0.4153546788453556,-0.024913739474254588
-0.27170289176511614,0.39137841323549566
-0.3271228062521597,0.30726478123833056
0.768673134081323,-0.8117277996519944
0.7591427846853742,-1.1318801686194924
-0.15018697893729724,-0.7307262721167528
-0.38880709688993437,-0.1763735688447489
-0.304395598681393,0.36570056843038623
-0.31002240199125874,0.3418913575930086
0.36764805251211896,-1.1425046073337128
0.31713848797135596,-1.0720185079162823
-0.3869517103945301,0.15453995979951543
-0.3090122638170907,0.3496361585968271
-0.3041227475048472,0.3586209449739699
-0.43293209050358616,-0.19899434474423008
-0.3002612490167239,0.3799402196811935
-0.30465614847167916,0.3652601289564894
-0.32954615431034173,0.36371582673540465
0.00814838501394956,-0.3299864501925982
-0.021613461177349417,0.4432302408494654
-0.37269788116368585,0.26163945117330123
-0.3138265077184793,0.3498189416996513
-0.3060008427361226,0.3670372978723332
0.19234449979854373,-1.0733452445671077
-0.163544354222184,-0.7620407460696708
-0.3059060132193132,0.3640642815997715
-0.23011072511798594,0.41842054154713276
-0.2763334845004452,0.38949961533450633
-0.3085590935344443,0.3558834315517041
0.2753207973016184,-1.10505569964473
-0.4252514530800462,-0.21234013407507035
-0.3435039393322228,0.27912642906450036
-0.3020595775126552,0.3569140632582513
0.029584760969193935,-0.9931912638260298
0.360467127890246,-1.119559545327162
-0.258401548714174,0.14082387260967524
-0.2864025529094886,0.36536998384290414
0.15392905051987463,-1.0887727086152021
0.22148093870644772,-0.9497863870816766
-0.3337545530670229,0.36477171908583106
-0.3046561484716791,0.36526012895648924
-0.39298237441177014,0.14578283743298182
-0.3037878930032954,0.35721244211700914
0.1468630132612087,-1.0257718763294192
-0.31734284536143004,0.33280956280564067
-0.3186678706152184,0.33504740973080205
-0.35481513090838124,0.1786641170843512
-0.014902332448366319,-1.0130793340376272
-0.32470699080010185,-0.15453042601430206
-0.3277345248270627,0.3196232617141311
0.07903874583283887,-0.761338289231971
0.11135275487280606,-0.598861496004367
-0.32763745764384095,0.33295150046387184
-0.12564237342620907,-0.8142093084314486
0.19086087613132763,-1.087184249749104
-0.30569898332751433,0.35327820759584355
-0.2951131804871533,0.3781507979641454
-0.2784371121474226,0.3892022760756201
-0.40803761627174906,-0.09094993122653912
0.18474303900178507,-1.0511704143990828
0.19911391141978751,-1.0838735691924999
-0.3456479090781248,0.021882102110813074
-0.3659064035535654,0.16237341661489876
-0.3041953004864111,0.3657555356866776
-0.31733757783172184,0.34235460443822896
1.118269905619166,-0.37662921581706776
0.1445854474304075,-0.9841613327558816
-0.3224260707263802,0.3314267438804566
-0.3045387384547269,0.3607608721600705
-0.3734104279409893,0.2027927472977384
-0.33777172563901786,0.3038931248429867
-0.3584366914753834,0.2747201239618409
-0.30465614847167904,0.36526012895648924
-0.31683603794887655,0.36814589830207867
-0.02035488403525766,-0.3591154104597943
-0.34201088243193195,-0.4821212844947712
-0.20952770636700457,0.45742592796838843
-0.31870780390451603,0.34290487496038424
-0.30687220496933587,0.36607532809561766
0.17890385079519652,-0.975428062260521
-0.19150030647502012,-0.26376873425983677
-0.30597226876783934,0.36362779366823955
-0.3696189220525719,0.13693688670647164
-0.30832754179775246,0.34574806318957574
-0.2884395641677737,0.3813247069250174
0.18032117709397355,-1.0759627193382881
-0.3305135443327795,0.3339133424956556
-0.31313731843548265,0.3441801902142125
-0.4106019269364121,-0.09668094123081623
-0.21114192592432998,-0.7900896190212114
0.20996409339715133,-1.0972457227201042
-0.3137614653978713,0.36880453248678835
-0.2889131908061368,0.37132628907912363
-0.053149578170813755,-0.9739608337661294
0.062886315168433,-0.9834312430502415
-0.3514233491649216,0.35573096070699806
-0.304656148471679,0.36526012895648924
-0.27367813263510865,0.3809124657301602
-0.3177080071820224,0.33254506761568553
-0.007081462932704444,-0.9082986299414179
-0.31630154117971426,0.33540503736220956
-0.32670549590692066,0.32138239448470685
-0.38398893047559923,0.04731815336878623
0.0686307867128763,-1.0454535216035352
-0.35111198476768946,0.010003677094035452
-0.29361251241830116,0.36114923916014385
0.5224700960402731,-1.029166927408205
0.04870676535577328,-0.9810481645230628
-0.3131374066491093,0.33761953871596556
-0.22669676815708395,0.4187664240189587
0.09637348642889411,-1.0230275866856147
-0.3069094463284516,0.36085611923510724
-0.2968050254069947,0.36672860589907913
-0.33223159681571524,0.12099673072380492
-0.296698181080158,0.3650391371459215
0.3381130204901962,0.3056544530498762
0.14297994266615227,-1.0503623388696912
-0.37398181534061076,-0.11623449701857667
-0.38761885415440867,0.1062981360621778
-0.30841599944368014,0.359249402168007
-0.3075341334049219,0.3587801547592229
1.1196659878846604,-0.3901188586392294
0.006163495929856419,-0.9239382946889754
-0.3130494695853265,0.35094954875677087
-0.32020209710246517,0.3363418781723294
-0.30136256708956555,0.3675813618585391
-0.3408110431010488,0.2958995563597375
-0.30472903037709737,0.36917698145656214
-0.30465614847167916,0.3652601289564892
-0.31779221714602734,0.370168195500729
0.045446362259661414,-0.3354944499964143
-0.36407594511949787,0.1974742178657583
-0.4104627646328931,0.18052086778325416
-0.3036111931144912,0.3645053297041608
-0.30663280736919296,0.3655283772739348
0.08098574043775486,-0.9296241963253976
-0.19774742940428722,0.46408254016620215
-0.3065397650988589,0.3623371984421848
-0.35447514419320925,0.22402052510180223
-0.31082407856492267,0.32075697679850956
-0.35759397784688385,0.24250679621910387
-0.010469430007831454,-0.9395239238117392
-0.4207261232742452,0.05978704190649317
-0.3729872827217022,-0.39139641982681095
-0.28989624791562985,0.3812431320467311
-0.12662318280678347,-0.8637707544915905
0.11054228750672251,-1.0342573076752832
-0.31106805203455945,0.3677642008868693
-0.29741622386619265,0.35870122860524833
-0.2639391725444558,-0.7861164314788232
-0.3826108158957205,-0.12653246579435323
-0.30113488144618816,0.3696421319304973
-0.30465614847167916,0.3652601289564892
-0.3557597347124835,0.2311623326423342
-0.3480246819494235,0.27297943866769525
-0.01005625769318812,0.5016202676191956
-0.3009281914970895,0.3635229714185462
-0.37035573594155125,0.21863051251341195
-0.26053754368474347,0.3434691827816287
0.05664006218855156,-1.0185617802194131
-0.30278830243413085,0.2609528103264784
-0.3215780998042708,0.3090841090277147
0.42878442690462915,-1.0676363223543048
-0.3424143038009641,0.3355156754690085
-0.30261746045641474,0.3649715895222288
-0.3579886856337477,0.19617074401812598
-0.0568485998918114,-0.8964414230864545
-0.3093602115358156,0.357226358932057
-0.30036283079574566,0.36692591321462387
-0.35039241397150045,0.2610461698994641
-0.29589538129109466,0.3652454369506999
0.06770238163224161,-0.9969381750799419
0.0033649170679069,-0.6813700230079668
-0.3582938579520973,0.15610615353563928
-0.36856500279793414,0.17058945448146456
-0.30460778194043603,0.3653960928075108
-0.3287010091280881,0.3226054343628644
0.8048919304975687,-1.1244496951425142
-0.26454049971941784,-0.49594916335337613
-0.3141901310623571,0.3476307707765431
-0.3089431106169078,0.3557175993057706
-0.2965608871922193,0.37271522785992073
-0.31136577582507136,0.35090258947617303
-0.3150403261383096,0.3469949836606278
-0.3046561484716792,0.365260128956489
-0.3252535004486007,0.35857796874375686
-0.007300247062804165,-0.3728021250481993
-0.3890655223199971,0.12265869719379383
-0.4234222695084507,-0.27914468516985225
-0.3109490878352877,0.3541371772143422
-0.3054435897331845,0.3656722886416492
0.021171570023191092,-0.9510204459005313
-0.43012555191122037,-0.013109575414793804
-0.30626273911076235,0.3625119293352559
-0.2161870534746046,-0.7034904867302724
-0.3951895992301201,0.10738030699170718
-0.30557293913652905,0.35800686971366336
-0.17273339366166107,-0.7698040009075793
-0.3416386487799228,0.30287784367957765
-0.30301308415568773,0.3684741151139061
-0.31723670443204516,0.3350975301839121
-0.23287583301311715,-0.7416397684953806
-0.05485331382231616,-0.8921410023882175
-0.3083226059463206,0.36755739483146477
-0.3432707332762488,0.2714388051972713
-0.34126426904502494,-0.6857101423771002
-0.23494218897923258,0.4199398502020158
-0.3162952633642918,0.3671789567109668
-0.3046561484716791,0.36526012895648935
-0.30015134865153337,0.3714920638840562
-0.2948547597546813,0.3744400501740386
-0.11354263998506607,-0.8007433189185604
-0.3009324634069163,0.36386497666786766
-0.3019850149244708,0.36815102152280227
-0.29656975927692814,0.29950357593573324
-0.5131791122826577,-0.2681638884779649
-0.3212307948112466,0.2431423182707614
-0.41262636450291607,-0.06975138237382197
0.2707194337159875,-1.0764096203871165
-0.3228287764543147,0.36107176707156363
-0.3011124027055753,0.36583971815252475
-0.37771018042539634,0.1368755543516273
-0.24342346063423945,-0.6719205520694933
-0.30477893428637426,0.36696660344492815
-0.3156663089106765,0.3395913278556062
-0.29826445884842806,0.3848107183425924
-0.2963716103209242,0.36571523598017036
-0.26582191843176545,0.4112238529688761
-0.11849022850623264,-0.6823052807169364
-0.3822936625982547,-0.3226917934979318
-0.3083557482950049,0.3424029238865986
-0.30575155190116304,0.36502155817531307
-0.2971818052480151,0.3766937846429115
0.640371736262339,-1.1516985243450342
-0.3443513099760184,0.04135455798068502
-0.30623774493178857,0.36132628232924446
-0.3129831900215645,0.34951667767166483
-0.3140576989978618,0.3465992593326235
-0.4033953974182385,-0.2564880579992238
-0.31631846708038874,0.3491115832473633
-0.30465614847167904,0.3652601289564893
-0.31149335433775055,0.3606092036552942
0.46861433679647063,0.47480966608796715
-0.39269727576967917,0.13319983028380492
-0.38863273267450893,0.14788920586837076
-0.34809831927771445,0.2828634003154935
-0.305371258598541,0.3656023959671451
-0.28605804128687295,-0.4780751835368023
-0.42296491226910427,0.05179309761142337
-0.30669321292910673,0.36430372439236175
-0.3151146317656542,0.349095705885659
-0.31118794475749983,0.3524057502430216
-0.3239822169995176,0.32783754849056285
-0.16207355914905558,-0.8098601975552375
-0.37783672521438355,0.22657997494386772
-0.3021871966757867,0.36855012503957024
-0.39521463955598946,0.1456549098193619
-0.4260296192325532,0.18046700325106518
-0.3756467605666278,0.17685587708699035
-0.31052430441740164,0.3672474767483891
-0.2820610733953904,0.3859999355679443
-0.543308527366614,-0.21160455978753398
-0.3304571955469599,0.2631795177556438
-0.3032738066230379,0.3682480181611276
-0.30465614847167904,0.3652601289564891
-0.35474788074221225,0.26448358994652954
-0.29585734097517125,0.37407404875053213
-0.37854235079282816,-0.24033751005300524
-0.30400716220253776,0.35962379520999255
-0.30282624788057616,0.3678593017392556
-0.3053990292422871,0.2864283428383099
-0.517426899547009,0.003861099355392193
-0.3845716007905424,-0.020886469935951973
-0.2919878845468818,0.37905497183852743
0.24390206788625157,-1.1020031290458276
-0.32681342571675875,0.3519585147826001
-0.3093753674220092,0.35537929227745063
-0.39326490160904404,0.057764717421743335
-0.3935045558327243,-0.28932060985277336
-0.30621554058657985,0.36109548345798703
-0.3022041176156761,0.3596804367947566
-0.31711522855842217,0.3476997004480089
-0.29926633858089224,0.3600765386566401
-0.26266124986018574,0.4121178641316284
-0.07607543622474067,-0.8465135096737193
-0.40943233917345784,-0.10234920464143193
-0.33970815537453525,0.2903883587689789
-0.30463921305516856,0.3653079519419436
-0.33012733555204626,0.3192471463019247
0.5405966855838199,-1.1593458209943746
-0.2664017902052873,-0.6098920823668604
-0.30607326752334724,0.3614988718154436
-0.301287247757716,0.3685902582318579
-0.304640820134806,0.36204675921169377
-0.30935112875114895,0.365057232232819
-0.3207037977390236,0.3362276596066003
-0.30465614847167904,0.3652601289564891
-0.30953589910943796,0.36149384278237384
0.32518967177315505,-0.7302453878998497
-0.3761369122029293,0.15768733881559838
-0.3918086729382281,-0.30758908351869485
-0.30151098483540334,0.3688043794355598
-0.30498128971982275,0.365638412927039
-0.09286329006460577,-0.8367915118008561
-0.37136095789030676,0.23677439023199662
-0.3055910512995176,0.36355758768633395
-0.30475042104314365,0.36607851084348286
-0.34139210731041286,0.2969661633248142
-0.32557020813692206,0.32631165830441683
-0.25009108873211405,-0.6676035415184259
-0.32679983003868435,0.33542703706115284
-0.3026723595536061,0.36896532766065526
-0.3100563612269356,0.3557607542903489
-0.3868332236771624,-0.3977861154909125
-0.3867476070114018,-0.1707570102558461
-0.3086171190402717,0.3670273783421485
-0.28215403894996166,0.3858238088710622
-0.41298010830811904,-0.5155466543033754
-0.2829858259388077,0.37303566293898116
-0.30475212980624417,0.3694276417887708
-0.3046561484716791,0.36526012895648885
-0.30435085687622515,0.37162164637603856
-0.3146533774485785,0.3436055837985878
-0.23940804868201768,-0.6553803826241619
-0.32937982019528844,0.31621928598292726
-0.3118165601077369,0.3533306182831641
-0.31306264089011665,0.28537302919063373
-0.47949416835349945,0.15553604108889055
-0.2506147812403547,0.40700864630470074
-0.32610433930391947,0.3165046321289922
0.017918574562412352,-0.8276463333021582
-0.25554820796669936,0.3352015390354281
-0.2990740371145476,0.3640632919623029
-0.2699116582739731,0.3824729620011662
-0.41068789287115554,-0.22012312710355444
-0.3061872422137418,0.3619110253477185
-0.2995732130395448,0.35872477317446194
-0.3506274793648544,0.28759513409917115
-0.2967286522102283,0.3641114231383991
-0.19935699521517472,-0.7451578307304279
-0.37844898893027895,-0.30591753628665447
-0.3261219912404762,0.3163693869705806
-0.33416986959423556,0.285909879676714
-0.3049461521198068,0.3652034923429108
-0.29814910178205034,0.3714431780773241
0.6494688589278601,-1.1485192881998914
-0.39929759719596036,-0.226660430998036
-0.31138824900810264,0.35352228995429247
-0.3102392289055589,0.35514783479811846
-0.322865788463558,0.3321427339521215
-0.30557499330211885,0.36569370799551393
-0.310874653219546,0.3576018776025033
-0.3046561484716791,0.36526012895648896
-0.30757964261034454,0.36084878297779815
0.04296560911642745,-0.9480849376205246
-0.3590023384168274,0.25419504421072076
-0.3145804141461299,0.3728390315135
-0.33977513907606854,0.307934644312292
-0.30510645794629415,0.36554856885094833
-0.35218303432708425,0.23464274016396203
-0.3640684820488873,0.2817870957569455
-0.30547735445211627,0.3639445610098307
-0.30706889479873833,0.3623777030057717
-0.3646253253871379,0.24128175250770165
-0.31203826096091347,0.3525763806407642
-0.43008240499294936,-0.08192990923482839
-0.3159356117903743,0.3486431070851915
-0.3023545037257622,0.3683126134253453
-0.31257673792308005,0.35182727976118094
-0.3404647231195864,0.34569142228634747
-0.4082016604722464,0.04745522303507831
-0.3085475596466464,0.3659988686023767
-0.3089392536845975,0.3445098131065478
-0.4127263257191265,-0.5134171294374578
-0.3823014930594353,0.12155094240922419
-0.3090239548058922,0.36008951586868454
-0.3046561484716792,0.3652601289564888
-0.31476391507211,0.35161646130143454
-0.31201064919398724,0.3494779298726548
-0.3732368820815709,0.18966588621957617
-0.3279522841931405,0.32174751543225977
-0.30327700687867404,0.3670387928882676
-0.30295031028062475,0.330281189935937
-0.3412183813276981,0.35354019805309056
-0.39770460303858474,-0.04419038664112321
-0.325755035896275,0.31875392052144447
0.21326635452262271,-1.1094642336464158
-0.3097024905999722,0.3669200291320332
-0.303178626770986,0.351439843056928
-0.36992995609573254,0.1868657293887565
-0.4172960099481367,-0.011414791992613952
-0.30894443145771155,0.35834638082760956
-0.3108508769001042,0.34994985935573525
-0.3228770926000616,0.3342583828001187
-0.3076107137232984,0.35010467877388035
-0.33005605028291973,0.33364795221357196
-0.14351764220383448,-0.8012078360652157
-0.36315251537657073,0.23744069051521036
-0.3266961921667573,0.31638434782409275
-0.3046476953066996,0.3652840210566888
-0.3113463698803495,0.35432005603831024
0.37680222477550096,-1.1374224457779203
-0.40493395858804243,-0.22914072320707493
-0.30937904813080686,0.35738433863758956
-0.3068745674194447,0.3605805995845341
-0.3033495385647992,0.365352822981405
-0.3066422977308054,0.3652944819812498
-0.30893317611742976,0.35683444781990664
-0.3046561484716791,0.365260128956489
-0.3064810011034173,0.361223560005621
-0.37263106929626644,-0.4462737146421563
-0.34657772681479004,0.27889729255964346
-0.3566322032303828,0.2700934764253628
-0.30534081848377426,0.36449819049101106
-0.3048181781482241,0.3655808573362179
-0.33353164546384295,0.25487285028133
-0.3483196114023693,0.32640213075292607
-0.30543343843226667,0.36431858104754195
-0.30412982724745913,0.3659666452391171
-0.30485429086518123,0.36585262432778
-0.3012659407422844,0.368600989862991
-0.4293248674275358,-0.030078282684118808
-0.31829150871863965,0.3444673382100671
-0.30315956182523257,0.36803605212451673
-0.3100262463886482,0.3561928192902585
-0.33127158332679996,0.34588863481993287
-0.3982004018015473,0.11755454776288153
-0.3063584548982589,0.36671664640991314
-0.3211296265084629,0.3262242069884214
-0.5049332991538347,-0.17098420516751664
-0.30257504632803095,0.3496310871566124
-0.30812151996494863,0.3611204918878165
-0.30465614847167916,0.36526012895648896
-0.30777389894532875,0.3602399785535467
-0.3226677188348575,0.3312885722473026
-0.36588507467733056,0.2233697453943186
-0.3216600524434197,0.33607998909072556
-0.30571013384653145,0.3630951429622911
-0.3090544228531306,0.35148928001048857
-0.2593746785467537,0.4476025122271535
-0.32759660451631123,0.30363362395430854
-0.40220545381044714,-0.2799880187943045
0.17944795629576177,-1.0950259280970176
-0.30667936362503667,0.3664091927559439
-0.30921930209982845,0.35311915719898485
-0.3120087882398148,0.3305859228537196
-0.3432115337911833,0.29614398813264337
-0.30600512218398046,0.3624608717906468
-0.3085766365642195,0.34731440189859675
-0.29981224325524247,0.37009739545998316
-0.29162582670280407,0.36612296473693884
-0.3081716066506718,0.36830981764804194
-0.3346484844863169,0.31215328765438993
-0.4108432498707824,-0.1896427511994662
-0.3687868449942169,0.22035011906027552
-0.30475007853384567,0.3652488681046243
-0.30409813427558785,0.36364091513542124
0.30793258398865525,-1.1065954670536262
-0.36942708459040996,0.22302678353363709
-0.305281348681708,0.3637779102187045
-0.3102304908091554,0.35581663642572847
-0.3075165829903108,0.35943359914005074
-0.3053542205058648,0.36549298569062205
-0.30674593327150274,0.36160518740639036
-0.3046561484716791,0.36526012895648907
-0.3041282716772418,0.36425571480724134
-0.02240595721653051,0.5082369828991007
-0.3605073714039145,0.24978511214903495
-0.30647821774745027,0.3659101780384014
-0.30707210001171714,0.3621881048528359
-0.30524936522137025,0.36540924992356605
-0.35021736912456863,0.25558483195098985
-0.4158738474218204,-0.19433933387253086
-0.30573270085750054,0.36377700921638795
-0.3116839497333871,0.3544319692712054
-0.3045727993379124,0.36586982269473284
-0.3104212355270049,0.3544057009542326
-0.36288037771503756,0.2749786213123903
-0.30625208460391906,0.36350427016407677
-0.3042631823474836,0.3642386061920182
-0.3069204355895655,0.3608672084280802
-0.31655492023962883,0.3612572315522747
-0.3449274235855369,0.285399105199027
-0.30680611105491723,0.3657817298522768
-0.32873721378849463,0.31467687020037116
-0.4966070983785497,-0.18939161545683905
-0.32560211474006234,0.31218776719161256
-0.3067894120063753,0.3615701515089247
-0.30465614847167904,0.36526012895648885
-0.31122507052594633,0.3546444377964423
-0.3178465269816723,0.3416543470441691
-0.40925318670518746,-0.1993988465502122
-0.3066449008350704,0.3614438784846211
-0.30335642994280426,0.36679790911760063
-0.3141040871455203,0.34409512867231146
-0.34392771497810054,0.35022148972023526
-0.4084567979857421,-0.05941923571233112
-0.30323452255481925,0.36692826379024346
0.1053945443000274,-1.0439721786943237
-0.30555012913670604,0.3663762403214346
-0.31316977904358134,0.34944503716884456
-0.344538805264581,0.2828733249599674
-0.3292752085577094,0.3249378772918756
-0.3056904742383784,0.3631991378300004
-0.3119028708053348,0.3431714618107695
-0.3284178572927064,0.32662730492031994
-0.2933699660498067,0.367173569258781
-0.3059359694545428,0.3655281310929645
-0.3679187513092918,0.2237712774547399
-0.30472034248333457,0.3663155400521094
-0.3173269245164729,0.33995164683352086
-0.30465051602807297,0.36527605359893384
-0.30875846218822395,0.3574349715695159
0.34250313985059516,-1.0883807913030001
-0.3588588556931499,0.25450451792571976
-0.3069988525318456,0.36101437116003315
-0.3103119862666807,0.3563753647875836
-0.3186786257227521,0.34110923941285254
-0.30517210114254995,0.36547510039125497
-0.3079745558102448,0.35857684822488817
-0.30465614847167904,0.36526012895648896
-0.3047492067981508,0.36354621001992177
-0.023621740355760507,0.5112495439728649
-0.3452085466332966,0.2908505270893239
-0.30515637298393516,0.36601195756313887
-0.30494873035928144,0.3650671584137812
-0.3051703119734519,0.36536832852288853
-0.3287693933961238,0.2871661114624932
-0.30700351245997365,0.36572026024545995
-0.30590670645098084,0.36344582961940686
-0.304934971459745,0.36523540285214623
-0.3040805510271422,0.36598852333984644
-0.30859114582670405,0.35789036963286863
-0.347018595482284,0.2953111452872501
-0.3056936445910535,0.3651010170250072
-0.3210251290670089,0.3370997117080461
-0.3072167618555219,0.3602630275414325
-0.31884038927237196,0.3536548355471154
-0.41980654661111405,-0.12910842609579906
-0.3059201097607921,0.3657699171907861
-0.3579225320898832,0.253484847665163
-0.49895237566227624,-0.005034087610548178
-0.3323141852861461,0.299709750298481
-0.3065972350259906,0.361672043112454
-0.3046561484716791,0.36526012895648907
-0.3099603819671579,0.35660466077377445
-0.31082301553143227,0.35438829859995485
-0.3167297133025109,0.34464737476772395
-0.31088857310147616,0.3548026715334317
-0.3061318461251635,0.3625736150054035
-0.3082142232124365,0.3541424099751399
-0.32074898991970274,0.35734013488158217
-0.37863580681753406,0.18909928995440514
-0.30426058173382253,0.3665970860327771
-0.3511055558835708,-0.6157422876579619
-0.30516925454329163,0.36629080548798404
-0.30883619958992525,0.3570512305551011
-0.3081705310968015,0.3532473199507311
-0.31794990564980813,0.34260051646338985
-0.3048329361487926,0.36488531918877076
-0.3086846434821364,0.35419022105877923
-0.308690703932348,0.3584429716749696
-0.3048168062120829,0.36198896048978096
-0.30892644351912524,0.3602124603783379
-0.4161536626465047,-0.1131263029199984
-0.304757309007975,0.3662163861189368
-0.3581857464969081,0.2574015577358036
-0.3047528837021843,0.36524090993775254
-0.30688497186464947,0.3598774524471635
0.11182194490754252,-1.0157466491211202
-0.36075748889671405,0.25264944766731634
-0.3040516489647363,0.36577011959952194
-0.312170628320024,0.3540168357857569
-0.3035898831395359,0.3662716876441212
-0.3059092983782004,0.3646472156969415
-0.3063863581240509,0.36262505001849193
-0.304656148471679,0.3652601289564889
-0.30426601160468675,0.36484804521854514
0.030574512927337035,-0.9712048039389964
-0.2991362313446839,0.3710921929113903
-0.30426798003209266,0.36613950927218747
-0.30526513565767904,0.36398967483306194
-0.304436158636669,0.3651237167106299
-0.28616477784248234,0.3656026376555164
-0.3067078899923198,0.36558732465087573
-0.3044790945700132,0.36544382764499617
-0.30514861785848607,0.3651432481977514
-0.3043904023905748,0.36587706996473685
-0.30982653089738366,0.35602710622107114
-0.3543591332554462,0.2705709999229497
-0.30562926044823485,0.3650672856851145
-0.3060717459457209,0.36284039242798033
-0.3113300989849458,0.35559801149853865
-0.3079273481483286,0.3629587313789604
-0.3040250701914171,0.36855016290428677
-0.3044672866771901,0.3660115402432053
-0.38128949082796826,0.1908782293744437
-0.48907490160706857,0.11154070889408067
-0.3405434896457834,0.29031295356412035
-0.30673881402375675,0.3615087120549847
-0.30465614847167893,0.365260128956489
-0.3193017186156001,0.3403788839951937
-0.3106655072529691,0.3550127054115535
-0.30719792542224905,0.3569396985921217
-0.30587435020749015,0.3628804912042417
-0.31052902650869846,0.3555465468081518
-0.3018686248908182,0.36630146519207346
-0.3154321891358142,0.36425698199821077
-0.30734842632658876,0.35910248030354797
-0.3061873424041092,0.3667010405445069
-0.1916988559247875,0.4677946220151254
-0.29905103044845427,0.3600725709944461
-0.3076185561318148,0.3595612436373814
-0.312951109322479,0.3454288295896781
-0.35124911968747036,0.2759548997421418
-0.30457617208596566,0.3653624375881333
-0.3043351258515557,0.3609750397652876
-0.3105528554908902,0.3573850587706854
-0.3149239671186447,0.34655451914090524
-0.3129503486214937,0.35291977641616074
-0.304592881587729,0.3656868606200558
-0.30469040682330173,0.36614428636468793
-0.30770937747282334,0.3596011388246829
-0.3046533337011668,0.36526808978799136
-0.30758417233767243,0.3593984581865317
-0.019983321318548446,-0.9255391770456164
-0.31858653595563424,0.34241527288360046
-0.3072500838924991,0.36086025394399035
-0.30464769530669966,0.3652840210566887
-0.303589883139536,0.3662716876441212
-0.3053044552395322,0.3640951546371267
-0.3070296914598073,0.361191179626029
-0.30346567143379055,0.3656399669674124
-0.2998428217699579,0.3743982757358014
-0.30371650392484223,0.3682128377757336
-0.304587841077953,0.36600295809732103
-0.3068385338502112,0.3620234003326356
-0.3042345001843489,0.3651819038966564
-0.32205516775609744,0.32775525668023625
-0.30818428615263077,0.36500895917862425
-0.304650516028073,0.3652760535989337
-0.30409528822249837,0.36594807233344295
-0.3036562714609304,0.36641562609535905
-0.3133100883661181,0.34776353699406853
-0.30638963112611584,0.3627445363389434
-0.30705258269147523,0.3613236980643845
-0.3037856047920351,0.3662909963167219
-0.3104716598633093,0.3613604341027864
-0.30146545744522596,0.3689818759377233
-0.3043837492976147,0.365994252073323
-0.3039082832572166,0.3657186771003387
-0.25581955450654065,0.4456142019561103
-0.35726111282215334,0.2538929381452247
-0.30627930304504275,0.3624022584730221
-0.30441742814832806,0.3657878143749197
-0.3037742811829363,0.36531647845096
-0.3103748719276081,0.35346118131459414
-0.3070613579922881,0.36109379918000756
-0.3041762702352304,0.36546763849880193
-0.3074042649218336,0.35876072471255765
-0.31158462109114166,0.3621747184956633
-0.32318614567843573,0.3323242207201315
-0.3018009327593077,0.3647669726458137
-0.2931985357045634,-0.6152964585087657
-0.3126445810332055,0.34651205109697203
-0.3106246992126729,0.35589388187870724
-0.30763577177471385,0.35398837987643544
-0.302536248598669,0.3645473498682668
-0.30800466146131683,0.357844638837687
-0.3074503201521761,0.3611281824567833
-0.31402253730996504,0.34869923854306706
-0.30616781530092185,0.36329573157928124
-0.30501010369890935,0.36554062010396915
-0.30595308354188155,0.36574424404004735
-0.3261146597342965,0.33128927655082824
-0.31177035611775594,0.3524497637591676
-0.37705116764816177,-0.35845461023936953
-0.3155806669986995,0.34843401816083786
-0.30527906567134355,0.3641359177144314
-0.3047500785338456,0.36524886810462437
-0.3101735571883047,0.3560414983968671
-0.30563866119634114,0.3634693911490074
-0.3069991630080542,0.3613390997379006
-0.30588724908681136,0.3623563184465218
-0.30119707196449064,0.3746151381835357
-0.3102402693258313,0.35923197370970483
-0.30619447873246985,0.3630382835246188
-0.3064231381794362,0.3622116174340133
-0.30490665138562,0.36441657248125714
-0.300647898977229,0.3675764424469528
-0.3071068617019273,0.3650327619116777
-0.304650516028073,0.36527605359893406
-0.3040982184076668,0.36593999965970797
-0.3068574024742125,0.3613921336670005
-0.3049092358177701,0.3637040095318918
-0.3053614026418101,0.36429700070200793
-0.304186937949935,0.3665616085744977
-0.3063359330759663,0.36252506148748637
-0.3131599738718058,0.356236656448948
-0.3270940156599165,0.3287216201386296
-0.30480634018783487,0.3658327865107416
-0.3039082832572168,0.36571867710033856
-0.3955592053546482,0.29990803482137335
-0.32767702884482175,0.3223257700863031
-0.30562801892156677,0.36366015444099165
-0.307504919644255,0.36079328671058547
-0.30796529248911253,0.36023890005434533
-0.30832312358326386,0.36010692426334656
-0.3053357424813057,0.36375479352910256
-0.30398101731550187,0.36551315599556017
-0.31245104874272256,0.3515309187434433
-0.30328694299869285,0.3655012837425594
-0.3064729844191343,0.3614776364304575
-0.3042620729835111,0.36630510163794505
-0.2753210810947987,0.4008251621407003
-0.3029111118401414,0.3636955551592655
-0.3043181220514956,0.3650689740062337
-0.30034956459356815,0.3664076645224569
-0.3081092625391269,0.35682368310365725
-0.30782494212824435,0.35927142805688
-0.30657517689118546,0.3620282311050269
-0.3119550425646006,0.352938477003469
-0.30528853903433173,0.3646008566607012
-0.3057643728781663,0.3652685385056261
-0.3036661627832395,0.3662267265750343
-0.3037001993692072,0.36632232470655424
-0.30982421140800764,0.3564809372243053
-0.27698425812514327,-0.6085123715681879
-0.3033388996213557,0.36660264765155187
-0.3051248285819076,0.36435103752635445
-0.3047528837021845,0.36524090993775266
-0.30530490942967453,0.3641510883446211
-0.30475045744284884,0.36519504380881723
-0.30508609772269124,0.3644863781590535
-0.3046786959138027,0.36411905712539494
-0.2960420339586532,0.3743295524021933
-0.32368012733473367,0.33555931910478615
-0.30466569243857605,0.3648491196393382
-0.3044811444195441,0.36547897570321897
-0.304914717690646,0.364580195224225
-0.3172141474404395,0.3402957768811793
-0.3060688904267534,0.3657619903546066
-0.3046505160280731,0.36527605359893406
-0.3053027737121435,0.36370751705938853
-0.30658523431173906,0.36174343240095286
-0.30479054179807236,0.3628389698817436
-0.3048532050787611,0.3647479911068467
-0.3081445783684762,0.3597542844873008
-0.3080521109641021,0.35998283506300544
-0.30666668030383415,0.36508333518469144
-0.3141687643841128,0.35419080132962993
-0.30442432857505586,0.36588141610892566
-0.3060848024344035,0.36264654163489224
-0.3869131220417003,0.31118160374325227
-0.32175573550597636,0.33493035910725116
-0.30476002474992053,0.3649324912276992
-0.304650998353199,0.3654731321697558
-0.30583888789085223,0.36322969794201926
-0.3062617290622165,0.3628709841253348
-0.30635961733104766,0.36228304222906305
-0.30418769662753237,0.3654347890652772
-0.30385864271494717,0.3657181938687921
-0.3074144146586666,0.36191491727657105
-0.30641041700406507,0.36242229137344945
-0.3037866780390541,0.3663869115786827
-0.21238049752130614,-0.7370366861786959
-0.30590075940269595,0.3607514873347459
-0.30421650760751984,0.36509845628028464
-0.3064875906853358,0.3589698063347741
-0.30690073187063255,0.36119089360049406
-0.30804820330769217,0.3600640216614953
-0.30632365210116325,0.3626884853832027
-0.30765609210072786,0.3602881874205045
-0.30737717596821973,0.3616852833096729
-0.3062400400818917,0.36503606029575647
-0.30387478239442184,0.3661539103553106
-0.3050382518745999,0.3659166546462982
-0.3070431128068421,0.3609886664009191
-0.399370435491165,-0.34547978222105485
-0.31118777412318444,0.35582579518985913
-0.30526972593289314,0.36418610078755537
-0.3046533337011667,0.3652680897879913
-0.3042640656936146,0.3654137200327112
-0.3045830003095041,0.36532949949945726
-0.30590399574632976,0.3636536953230644
-0.3056740468935098,0.36296338575778586
-0.30037553723986793,0.3779998392798675
-0.3077446031534673,0.36154982829444215
-0.3056564631381392,0.36375066883021073
-0.304994112918399,0.3653067037428902
-0.3051819441935799,0.3644947601915357
-0.3012771298356471,0.36615098861145995
-0.30549861652405463,0.3652028260466317
-0.304650516028073,0.3652760535989339
-0.30572070977294413,0.3630997296492088
-0.3059442777553021,0.36290014695533834
-0.3045301801575453,0.3635798799227186
-0.3058832536901887,0.3634613868366567
-0.3046509983532005,0.3654731321697557
-0.3049769779108901,0.36456631503180437
-0.3051686477774338,0.36535913583255003
-0.3046839907530411,0.36593589669466126
-0.3042360994195368,0.3659070401435804
-0.3059378173478744,0.3627995891735803
-0.36532223300806405,0.3310786839831924
-0.3098350834480482,0.3563739604602195
-0.30912034233743674,0.358074795373596
-0.30604277754438935,0.3631002292215582
-0.30548777222844664,0.3639783158171333
-0.30931703299434893,0.35846695145988583
-0.30499117742225357,0.3645788577188673
-0.3069210253471092,0.36150674262688753
-0.308351538556522,0.3590344741799128
-0.30585439905422074,0.3636460469823713
-0.30896594991917076,0.3581806292660916
-0.3035926731180303,0.36642433155739235
-0.30321959901702145,0.3677929745272563
-0.30498862094749674,0.3638060391623292
-0.3060567040309448,0.36303630522579705
-0.3020645137592068,0.3667745949337718
-0.30616112348625935,0.36174273204077584
-0.30391793317205934,0.365860754256436
-0.3055880068178164,0.36379990838430043
-0.3057552080074455,0.3636729809455647
-0.3073740604346949,0.3621951702221068
-0.30479593557464274,0.36537411555949406
-0.3145238226207785,0.34926096749958235
-0.30896315985628225,0.35917253830421697
-0.30670015356287994,0.36184958405274803
-0.4112889121071989,0.07930076507037384
-0.30765466450537204,0.36094667469330566
-0.30490182445249076,0.36483986450190853
-0.3047556873196693,0.36523295470835526
-0.30600066116327634,0.3627661184748459
-0.30533635267055614,0.36418465032720043
-0.30451479643485085,0.3651761550165735
-0.3049833611339602,0.36433464972618307
-0.3197671551326312,0.34018266873764885
-0.31316165770406645,0.35297369190992983
-0.3055152674937453,0.3637872284662065
-0.30466457768025934,0.3649164647603753
-0.30462421585721833,0.3653267552307488
-0.3099509408762581,0.35601749091262497
-0.30510675925083297,0.3652635335372131
-0.304650516028073,0.3652760535989339
-0.3057457901330628,0.3635811345799742
-0.3061340163632275,0.36272137457687903
-0.3023895788566694,0.3664572380503556
-0.3050222638114559,0.36508642838542915
-0.30616842428257574,0.36278437488601606
-0.3058621087358331,0.3635041104115662
-0.3068481755763101,0.36238994749412234
-0.3043779753031775,0.3660178846782935
-0.30462516030678294,0.36530866147834956
-0.30599108526462604,0.3629592692839728
-0.3352727514783561,0.3549647459058829
-0.30989665828570956,0.3564168772244136
-0.3046533337011668,0.3652680897879914
-0.30602036197257126,0.36309758516351104
-0.3049538177628315,0.3647196497167147
-0.3046363767258332,0.36531594016651897
-0.304658203760966,0.3651225962627711
-0.3044386258568614,0.36536710193262445
-0.30434781692952106,0.36549615455997275
-0.3064123252621237,0.36424238545357185
-0.30567941314624303,0.3637128206834433
-0.3165830829003968,0.34589995744647456
-0.3084876212299809,0.3666261838601242
-0.30502820001095604,0.3643158972160554
-0.30449916956823564,0.36524874535275254
-0.3082948927881801,0.35774639925263213
-0.3110155353937099,0.3544741612106788
-0.3067899784818641,0.36142202732884293
-0.30520416947323586,0.3645685246827501
-0.3052020901027978,0.3649640994630451
-0.3080945026415678,0.3597729802437777
-0.30542119635997117,0.3651548462563082
-0.304650516028073,0.365276053598934
-0.3048210434362404,0.36491200383547795
-0.30586374758208007,0.36316152538113283
-0.42718309320532466,-0.061082507204539456
-0.3049625031507943,0.3647463517145861
-0.3047020633070955,0.3651428101624815
-0.3046561484716791,0.365260128956489
-0.30445407528089213,0.3653121991521908
-0.30465614847167916,0.3652601289564889
-0.3045575716386485,0.3653072629707549
-0.30478961553305706,0.36450116936426924
-0.3006317916085301,0.37093131411419733
-0.3045616335334265,0.36519504185173085
-0.30496025320092374,0.3646998304866402
-0.30514532408815725,0.36491187991102236
-0.3046711991128475,0.3651136281841635
-0.30888044514787366,0.3545700222321908
-0.30512073361971054,0.36522333947563057
-0.304650516028073,0.3652760535989339
-0.30532162593345696,0.3645542321234031
-0.3043549036490823,0.36554560272119246
-0.30787372165154303,0.35962991135027905
-0.3071010386435188,0.3619066843061129
-0.3049000124208973,0.3644494865989497
-0.30546857792639254,0.36417248805630864
-0.30502413013483837,0.3646585118926317
-0.31098211311010837,0.36410148077619536
-0.30529866406207645,0.36405167793301807
-0.30592383227745973,0.3631565208857158
-0.32236011625184957,0.3623758729868748
-0.3077629344250541,0.3600377130004612
-0.30465333370116693,0.36526808978799136
-0.30465614847167904,0.36526012895648896
-0.3048470402162831,0.3649070718125803
-0.3051486178584862,0.3651432481977513
-0.3050559770277951,0.3645924279624169
-0.30507136629924575,0.3641589661411666
-0.30434781692952106,0.3654961545599728
-0.3053032427310494,0.3642766295927237
-0.30505558186301684,0.36436193470728157
-0.3045508599512574,0.36536526235265904
-0.3069109124548302,0.3665279396025668
-0.3047142967025745,0.3648591807365134
-0.30512823037890535,0.36441482584314056
-0.3065411244291495,0.36033231856090664
-0.3048270526938888,0.3652858537497175
-0.30631781043484385,0.36238089607225754
-0.30446032337202134,0.365482800157746
-0.3050269333868166,0.36465056874421276
-0.30504582225644156,0.3651772552377732
-0.30472189289633034,0.36532868073681046
-0.3047528837021844,0.3652409099377525
-0.3058918412562781,0.3637943295173967
-0.30481186348022604,0.36485911422351025
-0.29672044576478956,0.38179367496061534
-0.30448916606537024,0.3654909345364485
-0.3046307274720677,0.3652379092938018
-0.3046561484716792,0.365260128956489
-0.30513145314496465,0.36428310673912045
-0.3046561484716792,0.36526012895648924
-0.3050196250748799,0.36465747374872626
-0.3042930569997532,0.36552238191986514
-0.32226292162094594,0.3371952479869507
-0.30595823979359715,0.36286370833408405
-0.3056010834594637,0.36363228902659117
-0.3048405581089744,0.3648723686363475
-0.30491126762674586,0.3647570358382582
-0.3047601054324592,0.3622216440375239
-0.30513468238886954,0.3651832504759041
-0.30475288370218445,0.3652409099377524
-0.3055620842331686,0.36400646245544976
-0.3054127812056131,0.3639373545476697
-0.3030919300363241,0.3661293156499061
-0.30465051602807325,0.3652760535989337
-0.3045728530782644,0.36534441381771493
-0.30512841217438047,0.3648481993915848
-0.3047192225508278,0.3652675883839641
-0.30768353120262476,0.3646295042065078
-0.305901259757203,0.3633183083511379
-0.30464884294650807,0.3652670596669282
-0.31838522889201454,0.36185870256765607
-0.30659396831841856,0.3620880592530729
-0.30465333370116693,0.36526808978799125
-0.30465614847167927,0.36526012895648907
-0.30457567594394996,0.36533644416202954
-0.30465051602807314,0.36527605359893384
-0.3046561484716791,0.36526012895648885
-0.3059867539003872,0.36317646832881784
-0.3043478169295205,0.3654961545599729
-0.30512977393562085,0.3647915489702946
-0.30491647396145855,0.3646244879326569
-0.30455085995125725,0.3653652623526588
-0.307852395315809,0.36603588971447265
-0.30493081560729995,0.36508153381121733
-0.3045574661119996,0.36520386223065654
-0.30818674803272605,0.35814411194437257
-0.3050374520764341,0.36520121242056547
-0.30440581498713737,0.36542041352889115
-0.30618121201350124,0.3634707830222426
-0.30461959828192114,0.3652947955513107
-0.3046476953066998,0.3652840210566886
-0.3050318681219053,0.36521720162381693
-0.30465333370116693,0.36526808978799125
-0.3045888397764744,0.3651760084260605
-0.3048558377597921,0.36481754943585504
-0.36999341689124404,0.2663335305806344
-0.3047658100749625,0.3649460172651411
-0.3046307274720672,0.36523790929380207
-0.3046561484716792,0.36526012895648907
-0.30468209135086627,0.3650569708786322
-0.3046561484716792,0.36526012895648896
-0.3046122789673914,0.3653017351684644
-0.3042930569997533,0.36552238191986497
-0.30271726911383634,0.36877463308299685
-0.30761672657314226,0.3602831280609226
-0.30670240018619,0.36199264851952956
-0.3048328153129717,0.3650740046233901
-0.3045830003095043,0.3653294994994571
-0.3048857353036995,0.3625820951569513
-0.3047388384533567,0.36528073776161246
-0.30465333370116693,0.3652680897879913
-0.3045392306769481,0.3653401000124069
-0.3044581794925082,0.36544773458346685
-0.3029882559279374,0.3661581439175536
-0.30475288370218434,0.36524090993775243
-0.3046753640276481,0.3653092284655399
-0.30485885099153337,0.36490118860520415
-0.30499539407131593,0.36472358394793614
-0.304619271321757,0.36536396526563547
-0.30509622741907577,0.36438347673020594
-0.30464884294650857,0.36526705966692813
-0.30940707897808084,0.36431627583966886
-0.3043002640217162,0.3656025499008008
-0.3047556873196695,0.36523295470835526
-0.3046561484716791,0.36526012895648907
-0.3045756759439502,0.36533644416202965
-0.3046505160280729,0.3652760535989337
-0.3046561484716792,0.365260128956489
-0.3045107114510598,0.3653260121316515
-0.30591046172862196,0.36335988311480194
-0.3069650410411931,0.36186571779138593
-0.3043031073793512,0.3655945651497514
-0.30455085995125725,0.36536526235265904
-0.30688487383338775,0.36592308457894734
-0.30464365352578276,0.3651672918979445
-0.30518938013205993,0.36438498067351605
-0.3061358933822806,0.3625142474346242
-0.3048438866479868,0.3652379694390043
-0.30448451286798445,0.365314093626853
-0.30459199862556335,0.36533155275457
-0.30461959828192153,0.36529479555131056
-0.30485228172366,0.3652140800445898
-0.30463353574955987,0.3653239324248732
-0.3046533337011669,0.3652680897879914
-0.3049458436843048,0.3648126290363273
-0.3054558548405065,0.3640521946042218
-0.3378976119302715,0.3241739141021314
-0.30438030004197997,0.3653404743445146
-0.3046307274720676,0.3652379092938023
-0.30465614847167916,0.36526012895648907
-0.3048616442383525,0.3648625108897181
-0.30465614847167916,0.365260128956489
-0.3046122789673911,0.3653017351684643
-0.30532736085461754,0.36419276232633113
-0.30179987174315714,0.3688619560245859
-0.3052378576327658,0.36359842270068043
-0.30465614847167927,0.36526012895648885
-0.3045940837961713,0.36530354658019026
-0.3045830003095041,0.3653294994994572
-0.30748780859422087,0.3594725981976937
-0.30504861112735493,0.3651692759398618
-0.30465333370116676,0.36526808978799136
-0.304539230676948,0.3653401000124068
-0.3044581794925082,0.36544773458346685
-0.3039431074433394,0.3648165619713043
-0.30465333370116676,0.36526808978799136
-0.3050948531814157,0.3645124067072775
-0.30484011021269,0.3650670870953674
-0.3046561484716791,0.36526012895648907
-0.30513189407334906,0.36519126073338976
-0.30548033424766663,0.36384560637155755
-0.30464884294650857,0.36526705966692796
-0.30831635825531245,0.3640606649047233
-0.30530964389716725,0.36419034379829707
-0.304656148471679,0.36526012895648907
-0.304656148471679,0.36526012895648907
-0.30457567594394985,0.3653364441620296
-0.304650516028073,0.3652760535989338
-0.3046561484716791,0.365260128956489
-0.3046130824278962,0.36529081719463896
-0.30449326505267665,0.3653787649527498
-0.3049480196929609,0.365175511511192
-0.3067302658639639,0.36188382918048684
-0.3045508599512573,0.3653652623526588
-0.3087673893127638,0.3606729749692611
-0.304647285626829,0.3651483943877746
-0.3046533337011669,0.3652680897879913
-0.3053050440025042,0.3637334802938865
-0.3048494846240086,0.3652220398945673
-0.30530912590157844,0.36402656263837785
-0.3050220147623523,0.3649191456909294
-0.30461959828192153,0.3652947955513106
-0.30465333370116693,0.3652680897879914
-0.30494056402702596,0.36521944023271835
-0.3046533337011669,0.36526808978799125
-0.30515607783527265,0.36424710031620966
-0.3051413584858535,0.36445574972274275
-0.3039431764685007,0.37059173114315
-0.3043803000419802,0.3653404743445145
-0.30470573344023344,0.3651239139564539
-0.3046561484716791,0.36526012895648907
-0.30459408379617126,0.3653035465801904
-0.3046122789673911,0.36530173516846454
-0.3048283201167211,0.3647271405585814
-0.3016224119706035,0.3688510740948899
-0.3064364844523888,0.36205784823394194
-0.3047442133421703,0.36507526675414637
-0.30458300030950397,0.36532949949945714
-0.3058366398494875,0.36232058074374246
-0.30465051602807297,0.36527605359893395
-0.304539230676948,0.36534010001240674
-0.3042921138403137,0.3644012362616685
-0.3046533337011669,0.3652680897879914
-0.3046269135327096,0.36528785870891417
-0.3045941604340474,0.36527257898283527
-0.30524908867588046,0.3651173849559986
-0.30539600280834744,0.3641885104080699
-0.30716825936291353,0.3651674330991552
-0.3043918390316685,0.36551063361599473
-0.30475288370218445,0.3652409099377526
-0.3045135299648584,0.365318043912038
-0.3047939064303859,0.36492179417202625
-0.30465333370116693,0.36526808978799136
-0.3045390128504654,0.365371195534512
-0.30455085995125736,0.3653652623526588
-0.30474468228411666,0.35986722053453923
-0.3046655519550873,0.3651774268254098
-0.30550321295114347,0.36320759646212647
-0.304650516028073,0.36527605359893384
-0.3046257839720817,0.36536678854720334
-0.30461959828192114,0.3652947955513108
-0.3046533337011669,0.3652680897879913
-0.305051399544377,0.36516129955975396
-0.30469090772051355,0.3649434657068584
-0.30459764252540367,0.3653156152419657
-0.3550981946730988,0.29460522678999623
-0.30528486261964977,0.36396610625650716
-0.30463438666127457,0.3652189901314973
-0.3044985211192039,0.3652842828237742
-0.3008742520698407,0.3690618144006084
-0.3044328433045969,0.3651421538912627
-0.3046051145518667,0.36527764534355545
-0.305369484649806,0.3636373918657143
-0.304650516028073,0.36527605359893395
-0.30654150369201266,0.3613092709636273
-0.30465051602807297,0.36527605359893395
-0.3044778735908009,0.3652111198511007
-0.30716824149101457,0.3642633048586357
-0.3046533337011669,0.3652680897879913
-0.3045135299648582,0.36531804391203815
-0.30496990913930355,0.36465358152742355
-0.3046533337011668,0.3652680897879913
-0.3045508599512576,0.3653652623526589
-0.30775072466836173,0.3618347154792601
-0.3045941604340473,0.3652725789828352
-0.30547545906203943,0.363605060762876
-0.30497746101195916,0.3647079051160896
-0.3046195982819214,0.3652947955513108
-0.3046533337011669,0.36526808978799136
-0.3046533337011669,0.36526808978799136
-0.30451359793045957,0.3653489348660165
-0.30875002491807113,0.3704207506009885
-0.30449224578520817,0.36532798948153766
-0.3044344702939815,0.36540348886404606
-0.30087425206984086,0.3690618144006085
-0.3044120373039466,0.3652525038604141
-0.30465051602807297,0.36527605359893395
-0.3036086947134148,0.3658466910308097
-0.304650516028073,0.36527605359893395
-0.30643145782157244,0.36507874028999154
-0.3046533337011669,0.36526808978799136
-0.3045515729367498,0.3652615190699594
-0.3041860830134798,0.36536006091447837
-0.30436348883128733,0.3652720621953263
-0.3049459530051341,0.3647809135978228
-0.30461959828192114,0.3652947955513109
-0.3046533337011669,0.36526808978799125
-0.30738194893889104,0.36737777789393367
-0.30449224578521067,0.36532798948153794
-0.30625401593223933,0.3649942658826776
-0.30516019872502165,0.36459729605129265
-0.3090252524012668,0.36773410692028047
-0.30553475730154295,0.3650970934933807
-0.3046533337011669,0.36526808978799125
-0.3059039124132358,0.3685839906436424
-0.3046306908670616,0.36533192936407827
-0.3046533337011669,0.36526808978799125
-0.30729345681906706,0.3678109234742582
-0.3059312288173814,0.36579075200727373
-0.30462450942010716,0.3654870544341375
